lin,CCRT,dia,TR,umi
JP 23_18C-b1,NA,20/09/23,26.6,37
JP 23_18C-b1,360,20/09/23,26.6,37
JP 23_18C-b1,450,20/09/23,26.6,37
JP 23_18C-b1,690,20/09/23,26.6,37
JP 23_18C-b1,690,20/09/23,26.6,37
PE 01_18C-b1,360,20/09/23,26.6,37
PE 01_18C-b1,1110,20/09/23,26.6,37
PE 01_18C-b1,1110,20/09/23,26.6,37
PE 01_18C-b1,1140,20/09/23,26.6,37
PE 01_18C-b1,1140,20/09/23,26.6,37
RJ 10_18C-b1,360,20/09/23,26.6,37
RJ 10_18C-b1,390,20/09/23,26.6,37
RJ 10_18C-b1,420,20/09/23,26.6,37
RJ 10_18C-b1,630,20/09/23,26.6,37
RJ 10_18C-b1,630,20/09/23,26.6,37
RJ 13_18C-b1,690,20/09/23,26.6,37
RJ 13_18C-b1,720,20/09/23,26.6,37
RJ 13_18C-b1,900,20/09/23,26.6,37
RJ 13_18C-b1,1080,20/09/23,26.6,37
RJ 13_18C-b1,1080,20/09/23,26.6,37
RJ 03_18C-b1,360,20/09/23,26.6,37
RJ 03_18C-b1,360,20/09/23,26.6,37
RJ 03_18C-b1,360,20/09/23,26.6,37
RJ 03_18C-b1,480,20/09/23,26.6,37
RJ 03_18C-b1,690,20/09/23,26.6,37
RJ 05_18C-b1,480,20/09/23,26.6,37
RJ 05_18C-b1,570,20/09/23,26.6,37
RJ 05_18C-b1,720,20/09/23,26.6,37
RJ 05_18C-b1,1650,20/09/23,26.6,37
RJ 05_18C-b1,NA,20/09/23,26.6,37
RJ 07_18C-b1,720,20/09/23,26.6,37
RJ 07_18C-b1,720,20/09/23,26.6,37
RJ 07_18C-b1,780,20/09/23,26.6,37
RJ 07_18C-b1,780,20/09/23,26.6,37
RJ 07_18C-b1,1020,20/09/23,26.6,37
JP 16_18C-b1,NA,22/09/23,26.0,44
JP 16_18C-b1,NA,22/09/23,26.0,44
JP 16_18C-b1,630,22/09/23,26.0,44
JP 16_18C-b1,1200,22/09/23,26.0,44
JP 16_18C-b1,1200,22/09/23,26.0,44
JP 24_18C-b1,NA,22/09/23,26.0,44
JP 24_18C-b1,660,22/09/23,26.0,44
JP 24_18C-b1,750,22/09/23,26.0,44
JP 24_18C-b1,810,22/09/23,26.0,44
JP 24_18C-b1,1170,22/09/23,26.0,44
NE 12_18C-b1,540,22/09/23,26.0,44
NE 12_18C-b1,600,22/09/23,26.0,44
NE 12_18C-b1,600,22/09/23,26.0,44
NE 12_18C-b1,660,22/09/23,26.0,44
NE 12_18C-b1,750,22/09/23,26.0,44
PE 06_18C-b1,450,22/09/23,26.0,44
PE 06_18C-b1,450,22/09/23,26.0,44
PE 06_18C-b1,450,22/09/23,26.0,44
PE 06_18C-b1,600,22/09/23,26.0,44
PE 06_18C-b1,780,22/09/23,26.0,44
RJ 01_18C-b1,NA,22/09/23,26.0,44
RJ 01_18C-b1,NA,22/09/23,26.0,44
RJ 01_18C-b1,750,22/09/23,26.0,44
RJ 01_18C-b1,840,22/09/23,26.0,44
RJ 01_18C-b1,840,22/09/23,26.0,44
RJ 09_18C-b3,NA,06/12/23,24.4,42
RJ 09_18C-b3,NA,06/12/23,24.4,42
RJ 09_18C-b3,420,06/12/23,24.4,42
RJ 09_18C-b3,420,06/12/23,24.4,42
RJ 09_18C-b3,630,06/12/23,24.4,42
JP 22_18C-b1,540,27/09/23,25.5,51
JP 22_18C-b1,540,27/09/23,25.5,51
JP 22_18C-b1,630,27/09/23,25.5,51
JP 22_18C-b1,630,27/09/23,25.5,51
JP 22_18C-b1,660,27/09/23,25.5,51
NE 13_18C-b1,390,27/09/23,25.5,51
NE 13_18C-b1,390,27/09/23,25.5,51
NE 13_18C-b1,420,27/09/23,25.5,51
NE 13_18C-b1,450,27/09/23,25.5,51
NE 13_18C-b1,NA,27/09/23,25.5,51
PE 08_18C-b1,300,27/09/23,25.5,51
PE 08_18C-b1,300,27/09/23,25.5,51
PE 08_18C-b1,360,27/09/23,25.5,51
PE 08_18C-b1,360,27/09/23,25.5,51
PE 08_18C-b1,420,27/09/23,25.5,51
RJ 11_18C-b1,540,27/09/23,25.5,51
RJ 11_18C-b1,540,27/09/23,25.5,51
RJ 11_18C-b1,570,27/09/23,25.5,51
RJ 11_18C-b1,630,27/09/23,25.5,51
RJ 11_18C-b1,NA,27/09/23,25.5,51
RJ 15_18C-b1,510,28/09/23,24.5,51
RJ 15_18C-b1,510,28/09/23,24.5,51
RJ 15_18C-b1,750,28/09/23,24.5,51
RJ 15_18C-b1,750,28/09/23,24.5,51
RJ 15_18C-b1,960,28/09/23,24.5,51
PE 12_18C-b1,690,28/09/23,24.5,51
PE 12_18C-b1,690,28/09/23,24.5,51
PE 12_18C-b1,990,28/09/23,24.5,51
PE 12_18C-b1,1020,28/09/23,24.5,51
PE 12_18C-b1,1020,28/09/23,24.5,51
RJ 09_18C-b1,390,28/09/23,24.5,51
RJ 09_18C-b1,480,28/09/23,24.5,51
RJ 09_18C-b1,480,28/09/23,24.5,51
RJ 09_18C-b1,480,28/09/23,24.5,51
RJ 09_18C-b1,510,28/09/23,24.5,51
JP 28_18C-b1,720,28/09/23,24.5,51
JP 28_18C-b1,780,28/09/23,24.5,51
JP 28_18C-b1,780,28/09/23,24.5,51
JP 28_18C-b1,780,28/09/23,24.5,51
JP 28_18C-b1,840,28/09/23,24.5,51
NE 06_18C-b1,450,28/09/23,24.5,51
NE 06_18C-b1,450,28/09/23,24.5,51
NE 06_18C-b1,450,28/09/23,24.5,51
NE 06_18C-b1,480,28/09/23,24.5,51
NE 06_18C-b1,480,28/09/23,24.5,51
PE 10_18C-b1,300,28/09/23,24.5,51
PE 10_18C-b1,510,28/09/23,24.5,51
PE 10_18C-b1,540,28/09/23,24.5,51
PE 10_18C-b1,570,28/09/23,24.5,51
PE 10_18C-b1,630,28/09/23,24.5,51
NE 07_18C-b1,360,28/09/23,24.5,51
NE 07_18C-b1,510,28/09/23,24.5,51
NE 07_18C-b1,600,28/09/23,24.5,51
NE 07_18C-b1,600,28/09/23,24.5,51
NE 07_18C-b1,660,28/09/23,24.5,51
JP 05_18C-b1,630,28/09/23,24.5,51
JP 05_18C-b1,690,28/09/23,24.5,51
JP 05_18C-b1,690,28/09/23,24.5,51
JP 05_18C-b1,720,28/09/23,24.5,51
JP 05_18C-b1,750,28/09/23,24.5,51
RJ 04_18C-b1,540,28/09/23,24.9,49
RJ 04_18C-b1,570,28/09/23,24.9,49
RJ 04_18C-b1,690,28/09/23,24.9,49
RJ 04_18C-b1,690,28/09/23,24.9,49
RJ 04_18C-b1,690,28/09/23,24.9,49
NE 10_18C-b1,420,28/09/23,24.9,49
NE 10_18C-b1,450,28/09/23,24.9,49
NE 10_18C-b1,570,28/09/23,24.9,49
NE 10_18C-b1,570,28/09/23,24.9,49
NE 10_18C-b1,720,28/09/23,24.9,49
JP 30_18C-b1,510,28/09/23,24.9,49
JP 30_18C-b1,570,28/09/23,24.9,49
JP 30_18C-b1,570,28/09/23,24.9,49
JP 30_18C-b1,570,28/09/23,24.9,49
JP 30_18C-b1,750,28/09/23,24.9,49
PE 04_18C-b1,540,28/09/23,24.9,49
PE 04_18C-b1,630,28/09/23,24.9,49
PE 04_18C-b1,720,28/09/23,24.9,49
PE 04_18C-b1,720,28/09/23,24.9,49
PE 04_18C-b1,750,28/09/23,24.9,49
NE 15_18C-b1,480,28/09/23,24.9,49
NE 15_18C-b1,480,28/09/23,24.9,49
NE 15_18C-b1,480,28/09/23,24.9,49
NE 15_18C-b1,510,28/09/23,24.9,49
NE 15_18C-b1,540,28/09/23,24.9,49
PE 11_18C-b1,420,28/09/23,24.9,49
PE 11_18C-b1,480,28/09/23,24.9,49
PE 11_18C-b1,540,28/09/23,24.9,49
PE 11_18C-b1,540,28/09/23,24.9,49
PE 11_18C-b1,600,28/09/23,24.9,49
JP 10_18C-b1,510,28/09/23,24.9,49
JP 10_18C-b1,690,28/09/23,24.9,49
JP 10_18C-b1,930,28/09/23,24.9,49
JP 10_18C-b1,1170,28/09/23,24.9,49
JP 10_18C-b1,1170,28/09/23,24.9,49
RJ 06_18C-b1,570,28/09/23,24.9,49
RJ 06_18C-b1,600,28/09/23,24.9,49
RJ 06_18C-b1,600,28/09/23,24.9,49
RJ 06_18C-b1,630,28/09/23,24.9,49
RJ 06_18C-b1,810,28/09/23,24.9,49
PE 02_18C-b1,540,29/09/23,25.7,49
PE 02_18C-b1,540,29/09/23,25.7,49
PE 02_18C-b1,540,29/09/23,25.7,49
PE 02_18C-b1,690,29/09/23,25.7,49
PE 02_18C-b1,NA,29/09/23,25.7,49
RJ 12_18C-b1,660,29/09/23,25.7,49
RJ 12_18C-b1,660,29/09/23,25.7,49
RJ 12_18C-b1,690,29/09/23,25.7,49
RJ 12_18C-b1,840,29/09/23,25.7,49
RJ 12_18C-b1,NA,29/09/23,25.7,49
NE 11_18C-b1,510,29/09/23,25.7,49
NE 11_18C-b1,540,29/09/23,25.7,49
NE 11_18C-b1,870,29/09/23,25.7,49
NE 11_18C-b1,870,29/09/23,25.7,49
NE 11_18C-b1,900,29/09/23,25.7,49
JP 03_18C-b1,690,29/09/23,25.7,49
JP 03_18C-b1,810,29/09/23,25.7,49
JP 03_18C-b1,810,29/09/23,25.7,49
JP 03_18C-b1,930,29/09/23,25.7,49
JP 03_18C-b1,1020,29/09/23,25.7,49
JP 17_18C-b1,660,29/09/23,25.7,49
JP 17_18C-b1,720,29/09/23,25.7,49
JP 17_18C-b1,780,29/09/23,25.7,49
JP 17_18C-b1,780,29/09/23,25.7,49
JP 17_18C-b1,NA,29/09/23,25.7,49
NE 09_18C-b1,390,29/09/23,25.7,49
NE 09_18C-b1,510,29/09/23,25.7,49
NE 09_18C-b1,510,29/09/23,25.7,49
NE 09_18C-b1,840,29/09/23,25.7,49
NE 09_18C-b1,NA,29/09/23,25.7,49
JP 12_18C-b1,660,29/09/23,25.7,49
JP 12_18C-b1,660,29/09/23,25.7,49
JP 12_18C-b1,660,29/09/23,25.7,49
JP 12_18C-b1,840,29/09/23,25.7,49
JP 12_18C-b1,NA,29/09/23,25.7,49
RJ 02_18C-b1,510,29/09/23,25.7,49
RJ 02_18C-b1,510,29/09/23,25.7,49
RJ 02_18C-b1,510,29/09/23,25.7,49
RJ 02_18C-b1,660,29/09/23,25.7,49
RJ 02_18C-b1,870,29/09/23,25.7,49
RJ 07_18C-b2,510,31/10/23,25.5,44
RJ 07_18C-b2,600,31/10/23,25.5,44
RJ 07_18C-b2,630,31/10/23,25.5,44
RJ 07_18C-b2,720,31/10/23,25.5,44
RJ 07_18C-b2,720,31/10/23,25.5,44
JP 14_18C-b1,450,29/09/23,25.6,48
JP 14_18C-b1,570,29/09/23,25.6,48
JP 14_18C-b1,660,29/09/23,25.6,48
JP 14_18C-b1,660,29/09/23,25.6,48
JP 14_18C-b1,1140,29/09/23,25.6,48
NE 08_18C-b1,450,29/09/23,25.6,48
NE 08_18C-b1,540,29/09/23,25.6,48
NE 08_18C-b1,840,29/09/23,25.6,48
NE 08_18C-b1,NA,29/09/23,25.6,48
NE 08_18C-b1,NA,29/09/23,25.6,48
JP 26_18C-b1,450,29/09/23,25.6,48
JP 26_18C-b1,540,29/09/23,25.6,48
JP 26_18C-b1,540,29/09/23,25.6,48
JP 26_18C-b1,540,29/09/23,25.6,48
JP 26_18C-b1,600,29/09/23,25.6,48
NE 05_18C-b1,480,29/09/23,25.6,48
NE 05_18C-b1,480,29/09/23,25.6,48
NE 05_18C-b1,510,29/09/23,25.6,48
NE 05_18C-b1,510,29/09/23,25.6,48
NE 05_18C-b1,510,29/09/23,25.6,48
RJ 08_18C-b1,480,29/09/23,25.6,48
RJ 08_18C-b1,510,29/09/23,25.6,48
RJ 08_18C-b1,630,29/09/23,25.6,48
RJ 08_18C-b1,630,29/09/23,25.6,48
RJ 08_18C-b1,1500,29/09/23,25.6,48
NE 03_18C-b1,390,29/09/23,25.6,48
NE 03_18C-b1,390,29/09/23,25.6,48
NE 03_18C-b1,480,29/09/23,25.6,48
NE 03_18C-b1,480,29/09/23,25.6,48
NE 03_18C-b1,720,29/09/23,25.6,48
RJ 14_18C-b1,390,29/09/23,25.6,48
RJ 14_18C-b1,780,29/09/23,25.6,48
RJ 14_18C-b1,900,29/09/23,25.6,48
RJ 14_18C-b1,990,29/09/23,25.6,48
RJ 14_18C-b1,1050,29/09/23,25.6,48
RJ 03_25C-b1,540,02/10/23,23.9,52
RJ 03_25C-b1,600,02/10/23,23.9,52
RJ 03_25C-b1,840,02/10/23,23.9,52
RJ 03_25C-b1,840,02/10/23,23.9,52
RJ 03_25C-b1,NA,02/10/23,23.9,52
NE 03_25C-b1,390,02/10/23,23.9,52
NE 03_25C-b1,390,02/10/23,23.9,52
NE 03_25C-b1,390,02/10/23,23.9,52
NE 03_25C-b1,450,02/10/23,23.9,52
NE 03_25C-b1,510,02/10/23,23.9,52
JP 16_25C-b1,510,02/10/23,23.9,52
JP 16_25C-b1,510,02/10/23,23.9,52
JP 16_25C-b1,660,02/10/23,23.9,52
JP 16_25C-b1,660,02/10/23,23.9,52
JP 16_25C-b1,690,02/10/23,23.9,52
PE 07_25C-b1,630,02/10/23,23.9,52
PE 07_25C-b1,630,02/10/23,23.9,52
PE 07_25C-b1,630,02/10/23,23.9,52
PE 07_25C-b1,690,02/10/23,23.9,52
PE 07_25C-b1,780,02/10/23,23.9,52
NE 09_25C-b1,270,02/10/23,23.9,52
NE 09_25C-b1,300,02/10/23,23.9,52
NE 09_25C-b1,330,02/10/23,23.9,52
NE 09_25C-b1,330,02/10/23,23.9,52
NE 09_25C-b1,600,02/10/23,23.9,52
JP 17_25C-b1,360,02/10/23,23.9,52
JP 17_25C-b1,360,02/10/23,23.9,52
JP 17_25C-b1,360,02/10/23,23.9,52
JP 17_25C-b1,390,02/10/23,23.9,52
JP 17_25C-b1,390,02/10/23,23.9,52
RJ 15_25C-b1,540,02/10/23,23.9,52
RJ 15_25C-b1,540,02/10/23,23.9,52
RJ 15_25C-b1,600,02/10/23,23.9,52
RJ 15_25C-b1,600,02/10/23,23.9,52
RJ 15_25C-b1,NA,02/10/23,23.9,52
RJ 13_25C-b1,570,02/10/23,23.9,52
RJ 13_25C-b1,570,02/10/23,23.9,52
RJ 13_25C-b1,570,02/10/23,23.9,52
RJ 13_25C-b1,660,02/10/23,23.9,52
RJ 13_25C-b1,930,02/10/23,23.9,52
RJ 02_25C-b1,390,02/10/23,23.9,48
RJ 02_25C-b1,480,02/10/23,23.9,48
RJ 02_25C-b1,540,02/10/23,23.9,48
RJ 02_25C-b1,750,02/10/23,23.9,48
RJ 02_25C-b1,NA,02/10/23,23.9,48
NE 08_25C-b1,420,02/10/23,23.9,48
NE 08_25C-b1,450,02/10/23,23.9,48
NE 08_25C-b1,450,02/10/23,23.9,48
NE 08_25C-b1,600,02/10/23,23.9,48
NE 08_25C-b1,780,02/10/23,23.9,48
JP 26_25C-b1,360,02/10/23,23.9,48
JP 26_25C-b1,360,02/10/23,23.9,48
JP 26_25C-b1,390,02/10/23,23.9,48
JP 26_25C-b1,600,02/10/23,23.9,48
JP 26_25C-b1,780,02/10/23,23.9,48
PE 06_25C-b1,300,02/10/23,23.9,48
PE 06_25C-b1,300,02/10/23,23.9,48
PE 06_25C-b1,510,02/10/23,23.9,48
PE 06_25C-b1,510,02/10/23,23.9,48
PE 06_25C-b1,540,02/10/23,23.9,48
RJ 05_25C-b1,450,02/10/23,23.9,48
RJ 05_25C-b1,630,02/10/23,23.9,48
RJ 05_25C-b1,630,02/10/23,23.9,48
RJ 05_25C-b1,750,02/10/23,23.9,48
RJ 05_25C-b1,810,02/10/23,23.9,48
NE 06_25C-b1,270,02/10/23,23.9,48
NE 06_25C-b1,300,02/10/23,23.9,48
NE 06_25C-b1,300,02/10/23,23.9,48
NE 06_25C-b1,720,02/10/23,23.9,48
NE 06_25C-b1,NA,02/10/23,23.9,48
JP 13_25C-b1,780,02/10/23,23.9,48
JP 13_25C-b1,780,02/10/23,23.9,48
JP 13_25C-b1,810,02/10/23,23.9,48
JP 13_25C-b1,810,02/10/23,23.9,48
JP 13_25C-b1,1140,02/10/23,23.9,48
PE 05_25C-b1,330,02/10/23,23.9,48
PE 05_25C-b1,510,02/10/23,23.9,48
PE 05_25C-b1,810,02/10/23,23.9,48
PE 05_25C-b1,810,02/10/23,23.9,48
PE 05_25C-b1,1080,02/10/23,23.9,48
NE 12_25C-b1,270,06/10/23,23.8,50
NE 12_25C-b1,390,06/10/23,23.8,50
NE 12_25C-b1,570,06/10/23,23.8,50
NE 12_25C-b1,600,06/10/23,23.8,50
NE 12_25C-b1,630,06/10/23,23.8,50
RJ 04_25C-b1,420,06/10/23,23.8,50
RJ 04_25C-b1,480,06/10/23,23.8,50
RJ 04_25C-b1,630,06/10/23,23.8,50
RJ 04_25C-b1,1170,06/10/23,23.8,50
RJ 04_25C-b1,NA,06/10/23,23.8,50
JP 28_25C-b1,420,06/10/23,23.8,50
JP 28_25C-b1,660,06/10/23,23.8,50
JP 28_25C-b1,690,06/10/23,23.8,50
JP 28_25C-b1,720,06/10/23,23.8,50
JP 28_25C-b1,840,06/10/23,23.8,50
PE 02_25C-b1,300,06/10/23,23.8,50
PE 02_25C-b1,360,06/10/23,23.8,50
PE 02_25C-b1,570,06/10/23,23.8,50
PE 02_25C-b1,630,06/10/23,23.8,50
PE 02_25C-b1,630,06/10/23,23.8,50
NE 05_25C-b1,270,06/10/23,23.8,50
NE 05_25C-b1,300,06/10/23,23.8,50
NE 05_25C-b1,330,06/10/23,23.8,50
NE 05_25C-b1,480,06/10/23,23.8,50
NE 05_25C-b1,540,06/10/23,23.8,50
PE 04_25C-b1,390,06/10/23,23.8,50
PE 04_25C-b1,420,06/10/23,23.8,50
PE 04_25C-b1,600,06/10/23,23.8,50
PE 04_25C-b1,600,06/10/23,23.8,50
PE 04_25C-b1,600,06/10/23,23.8,50
RJ 09_25C-b1,420,06/10/23,23.8,50
RJ 09_25C-b1,480,06/10/23,23.8,50
RJ 09_25C-b1,510,06/10/23,23.8,50
RJ 09_25C-b1,540,06/10/23,23.8,50
RJ 09_25C-b1,540,06/10/23,23.8,50
JP 21_25C-b1,270,06/10/23,23.8,50
JP 21_25C-b1,420,06/10/23,23.8,50
JP 21_25C-b1,420,06/10/23,23.8,50
JP 21_25C-b1,780,06/10/23,23.8,50
JP 21_25C-b1,990,06/10/23,23.8,50
RJ 10_25C-b1,300,06/10/23,26.1,49
RJ 10_25C-b1,300,06/10/23,26.1,49
RJ 10_25C-b1,450,06/10/23,26.1,49
RJ 10_25C-b1,450,06/10/23,26.1,49
RJ 10_25C-b1,720,06/10/23,26.1,49
NE 07_25C-b1,240,06/10/23,26.1,49
NE 07_25C-b1,240,06/10/23,26.1,49
NE 07_25C-b1,270,06/10/23,26.1,49
NE 07_25C-b1,270,06/10/23,26.1,49
NE 07_25C-b1,NA,06/10/23,26.1,49
JP 03_25C-b1,660,06/10/23,26.1,49
JP 03_25C-b1,750,06/10/23,26.1,49
JP 03_25C-b1,990,06/10/23,26.1,49
JP 03_25C-b1,1380,06/10/23,26.1,49
JP 03_25C-b1,NA,06/10/23,26.1,49
PE 11_25C-b1,360,06/10/23,26.1,49
PE 11_25C-b1,360,06/10/23,26.1,49
PE 11_25C-b1,390,06/10/23,26.1,49
PE 11_25C-b1,NA,06/10/23,26.1,49
PE 11_25C-b1,NA,06/10/23,26.1,49
RJ 07_25C-b1,480,06/10/23,26.1,49
RJ 07_25C-b1,480,06/10/23,26.1,49
RJ 07_25C-b1,660,06/10/23,26.1,49
RJ 07_25C-b1,660,06/10/23,26.1,49
RJ 07_25C-b1,NA,06/10/23,26.1,49
JP 12_25C-b1,450,06/10/23,26.1,49
JP 12_25C-b1,630,06/10/23,26.1,49
JP 12_25C-b1,660,06/10/23,26.1,49
JP 12_25C-b1,690,06/10/23,26.1,49
JP 12_25C-b1,NA,06/10/23,26.1,49
PE 01_25C-b1,600,06/10/23,26.1,49
PE 01_25C-b1,660,06/10/23,26.1,49
PE 01_25C-b1,720,06/10/23,26.1,49
PE 01_25C-b1,720,06/10/23,26.1,49
PE 01_25C-b1,NA,06/10/23,26.1,49
PE 05_25C-b2,480,31/10/23,25.5,44
PE 05_25C-b2,510,31/10/23,25.5,44
PE 05_25C-b2,510,31/10/23,25.5,44
PE 05_25C-b2,690,31/10/23,25.5,44
PE 05_25C-b2,690,31/10/23,25.5,44
RJ 38_18C-b1,690,10/10/23,25.5,48
RJ 38_18C-b1,780,10/10/23,25.5,48
RJ 38_18C-b1,810,10/10/23,25.5,48
RJ 38_18C-b1,900,10/10/23,25.5,48
RJ 38_18C-b1,930,10/10/23,25.5,48
RJ 38_25C-b1,330,10/10/23,25.5,48
RJ 38_25C-b1,450,10/10/23,25.5,48
RJ 38_25C-b1,450,10/10/23,25.5,48
RJ 38_25C-b1,450,10/10/23,25.5,48
RJ 38_25C-b1,450,10/10/23,25.5,48
PE 25_25C-b1,270,10/10/23,25.5,48
PE 25_25C-b1,270,10/10/23,25.5,48
PE 25_25C-b1,300,10/10/23,25.5,48
PE 25_25C-b1,330,10/10/23,25.5,48
PE 25_25C-b1,NA,10/10/23,25.5,48
PE 25_18C-b1,420,10/10/23,25.5,48
PE 25_18C-b1,510,10/10/23,25.5,48
PE 25_18C-b1,600,10/10/23,25.5,48
PE 25_18C-b1,630,10/10/23,25.5,48
PE 25_18C-b1,690,10/10/23,25.5,48
NE 35_25C-b1,240,10/10/23,25.5,48
NE 35_25C-b1,270,10/10/23,25.5,48
NE 35_25C-b1,270,10/10/23,25.5,48
NE 35_25C-b1,270,10/10/23,25.5,48
NE 35_25C-b1,NA,10/10/23,25.5,48
NE 35_18C-b1,510,10/10/23,25.5,48
NE 35_18C-b1,570,10/10/23,25.5,48
NE 35_18C-b1,840,10/10/23,25.5,48
NE 35_18C-b1,840,10/10/23,25.5,48
NE 35_18C-b1,NA,10/10/23,25.5,48
JP 37_18C-b1,600,10/10/23,25.5,48
JP 37_18C-b1,750,10/10/23,25.5,48
JP 37_18C-b1,780,10/10/23,25.5,48
JP 37_18C-b1,870,10/10/23,25.5,48
JP 37_18C-b1,750,10/10/23,25.5,48
JP 37_25C-b1,510,10/10/23,25.5,48
JP 37_25C-b1,510,10/10/23,25.5,48
JP 37_25C-b1,630,10/10/23,25.5,48
JP 37_25C-b1,660,10/10/23,25.5,48
JP 37_25C-b1,660,10/10/23,25.5,48
JP 47_25C-b1,540,11/10/23,23.8,49
JP 47_25C-b1,540,11/10/23,23.8,49
JP 47_25C-b1,570,11/10/23,23.8,49
JP 47_25C-b1,NA,11/10/23,23.8,49
JP 47_25C-b1,NA,11/10/23,23.8,49
JP 47_18C-b1,540,11/10/23,23.8,49
JP 47_18C-b1,690,11/10/23,23.8,49
JP 47_18C-b1,690,11/10/23,23.8,49
JP 47_18C-b1,840,11/10/23,23.8,49
JP 47_18C-b1,840,11/10/23,23.8,49
NE 26_18C-b1,660,11/10/23,23.8,49
NE 26_18C-b1,660,11/10/23,23.8,49
NE 26_18C-b1,750,11/10/23,23.8,49
NE 26_18C-b1,720,11/10/23,23.8,49
NE 26_18C-b1,NA,11/10/23,23.8,49
NE 26_25C-b1,330,11/10/23,23.8,49
NE 26_25C-b1,330,11/10/23,23.8,49
NE 26_25C-b1,360,11/10/23,23.8,49
NE 26_25C-b1,360,11/10/23,23.8,49
NE 26_25C-b1,NA,11/10/23,23.8,49
RJ 40_18C-b1,720,11/10/23,23.8,49
RJ 40_18C-b1,750,11/10/23,23.8,49
RJ 40_18C-b1,750,11/10/23,23.8,49
RJ 40_18C-b1,870,11/10/23,23.8,49
RJ 40_18C-b1,990,11/10/23,23.8,49
RJ 40_25C-b1,570,11/10/23,23.8,49
RJ 40_25C-b1,600,11/10/23,23.8,49
RJ 40_25C-b1,690,11/10/23,23.8,49
RJ 40_25C-b1,720,11/10/23,23.8,49
RJ 40_25C-b1,NA,11/10/23,23.8,49
PE 17_25C-b1,510,11/10/23,23.8,49
PE 17_25C-b1,510,11/10/23,23.8,49
PE 17_25C-b1,510,11/10/23,23.8,49
PE 17_25C-b1,600,11/10/23,23.8,49
PE 17_25C-b1,630,11/10/23,23.8,49
PE 17_18C-b1,570,11/10/23,23.8,49
PE 17_18C-b1,780,11/10/23,23.8,49
PE 17_18C-b1,780,11/10/23,23.8,49
PE 17_18C-b1,840,11/10/23,23.8,49
PE 17_18C-b1,840,11/10/23,23.8,49
PE 03_18C-b2,480,31/10/23,25.5,44
PE 03_18C-b2,540,31/10/23,25.5,44
PE 03_18C-b2,570,31/10/23,25.5,44
PE 03_18C-b2,660,31/10/23,25.5,44
PE 03_18C-b2,690,31/10/23,25.5,44
PE 03_25C-b2,420,31/10/23,25.5,44
PE 03_25C-b2,480,31/10/23,25.5,44
PE 03_25C-b2,630,31/10/23,25.5,44
PE 03_25C-b2,660,31/10/23,25.5,44
PE 03_25C-b2,NA,31/10/23,25.5,44
NE 05_18C-b2,600,31/10/23,25.5,44
NE 05_18C-b2,600,31/10/23,25.5,44
NE 05_18C-b2,600,31/10/23,25.5,44
NE 05_18C-b2,630,31/10/23,25.5,44
NE 05_18C-b2,630,31/10/23,25.5,44
NE 05_25C-b2,360,31/10/23,25.5,44
NE 05_25C-b2,360,31/10/23,25.5,44
NE 05_25C-b2,420,31/10/23,25.5,44
NE 05_25C-b2,480,31/10/23,25.5,44
NE 05_25C-b2,NA,31/10/23,25.5,44
NE 07_18C-b2,510,31/10/23,25.5,44
NE 07_18C-b2,630,31/10/23,25.5,44
NE 07_18C-b2,630,31/10/23,25.5,44
NE 07_18C-b2,720,31/10/23,25.5,44
NE 07_18C-b2,900,31/10/23,25.5,44
NE 07_25C-b2,330,31/10/23,25.5,44
NE 07_25C-b2,360,31/10/23,25.5,44
NE 07_25C-b2,480,31/10/23,25.5,44
NE 07_25C-b2,NA,31/10/23,25.5,44
NE 07_25C-b2,NA,31/10/23,25.5,44
NE 04_25C-b2,300,31/10/23,25.5,44
NE 04_25C-b2,300,31/10/23,25.5,44
NE 04_25C-b2,300,31/10/23,25.5,44
NE 04_25C-b2,300,31/10/23,25.5,44
NE 04_25C-b2,NA,31/10/23,25.5,44
JP 10_18C-b2,600,31/10/23,25.5,44
JP 10_18C-b2,600,31/10/23,25.5,44
JP 10_18C-b2,840,31/10/23,25.5,44
JP 10_18C-b2,1050,31/10/23,25.5,44
JP 10_18C-b2,1050,31/10/23,25.5,44
JP 16_18C-b2,540,31/10/23,25.3,38
JP 16_18C-b2,540,31/10/23,25.3,38
JP 16_18C-b2,810,31/10/23,25.3,38
JP 16_18C-b2,810,31/10/23,25.3,38
JP 16_18C-b2,870,31/10/23,25.3,38
NE 01_25C-b2,420,31/10/23,25.3,38
NE 01_25C-b2,450,31/10/23,25.3,38
NE 01_25C-b2,450,31/10/23,25.3,38
NE 01_25C-b2,NA,31/10/23,25.3,38
NE 01_25C-b2,NA,31/10/23,25.3,38
NE 01_18C-b2,510,31/10/23,25.3,38
NE 01_18C-b2,510,31/10/23,25.3,38
NE 01_18C-b2,540,31/10/23,25.3,38
NE 01_18C-b2,540,31/10/23,25.3,38
NE 01_18C-b2,NA,31/10/23,25.3,38
JP 05_18C-b2,660,31/10/23,25.3,38
JP 05_18C-b2,720,31/10/23,25.3,38
JP 05_18C-b2,750,31/10/23,25.3,38
JP 05_18C-b2,750,31/10/23,25.3,38
JP 05_18C-b2,750,31/10/23,25.3,38
PE 02_25C-b2,270,31/10/23,25.3,38
PE 02_25C-b2,300,31/10/23,25.3,38
PE 02_25C-b2,300,31/10/23,25.3,38
PE 02_25C-b2,330,31/10/23,25.3,38
PE 02_25C-b2,NA,31/10/23,25.3,38
PE 02_18C-b2,360,31/10/23,25.3,38
PE 02_18C-b2,510,31/10/23,25.3,38
PE 02_18C-b2,510,31/10/23,25.3,38
PE 02_18C-b2,630,31/10/23,25.3,38
PE 02_18C-b2,NA,31/10/23,25.3,38
RJ 04_25C-b2,360,31/10/23,25.3,38
RJ 04_25C-b2,420,31/10/23,25.3,38
RJ 04_25C-b2,600,31/10/23,25.3,38
RJ 04_25C-b2,NA,31/10/23,25.3,38
RJ 04_25C-b2,NA,31/10/23,25.3,38
RJ 04_18C-b2,510,31/10/23,25.3,38
RJ 04_18C-b2,540,31/10/23,25.3,38
RJ 04_18C-b2,600,31/10/23,25.3,38
RJ 04_18C-b2,600,31/10/23,25.3,38
RJ 04_18C-b2,660,31/10/23,25.3,38
JP 10_25C-b2,510,01/11/23,24.9,52
JP 10_25C-b2,720,01/11/23,24.9,52
JP 10_25C-b2,720,01/11/23,24.9,52
JP 10_25C-b2,720,01/11/23,24.9,52
JP 10_25C-b2,840,01/11/23,24.9,52
JP 05_25C-b2,420,01/11/23,24.9,52
JP 05_25C-b2,450,01/11/23,24.9,52
JP 05_25C-b2,450,01/11/23,24.9,52
JP 05_25C-b2,570,01/11/23,24.9,52
JP 05_25C-b2,NA,01/11/23,24.9,52
RJ 05_18C-b2,630,01/11/23,24.9,52
RJ 05_18C-b2,630,01/11/23,24.9,52
RJ 05_18C-b2,720,01/11/23,24.9,52
RJ 05_18C-b2,720,01/11/23,24.9,52
RJ 05_18C-b2,750,01/11/23,24.9,52
RJ 05_25C-b2,390,01/11/23,24.9,52
RJ 05_25C-b2,390,01/11/23,24.9,52
RJ 05_25C-b2,390,01/11/23,24.9,52
RJ 05_25C-b2,600,01/11/23,24.9,52
RJ 05_25C-b2,NA,01/11/23,24.9,52
PE 04_18C-b2,540,01/11/23,24.9,52
PE 04_18C-b2,630,01/11/23,24.9,52
PE 04_18C-b2,630,01/11/23,24.9,52
PE 04_18C-b2,870,01/11/23,24.9,52
PE 04_18C-b2,870,01/11/23,24.9,52
PE 04_25C-b2,450,01/11/23,24.9,52
PE 04_25C-b2,480,01/11/23,24.9,52
PE 04_25C-b2,510,01/11/23,24.9,52
PE 04_25C-b2,870,01/11/23,24.9,52
PE 04_25C-b2,NA,01/11/23,24.9,52
NE 06_18C-b2,450,01/11/23,24.9,52
NE 06_18C-b2,450,01/11/23,24.9,52
NE 06_18C-b2,450,01/11/23,24.9,52
NE 06_18C-b2,630,01/11/23,24.9,52
NE 06_18C-b2,990,01/11/23,24.9,52
NE 06_25C-b2,270,01/11/23,24.9,52
NE 06_25C-b2,270,01/11/23,24.9,52
NE 06_25C-b2,270,01/11/23,24.9,52
NE 06_25C-b2,300,01/11/23,24.9,52
NE 06_25C-b2,330,01/11/23,24.9,52
RJ 06_18C-b2,480,01/11/23,24.9,49
RJ 06_18C-b2,540,01/11/23,24.9,49
RJ 06_18C-b2,540,01/11/23,24.9,49
RJ 06_18C-b2,690,01/11/23,24.9,49
RJ 06_18C-b2,690,01/11/23,24.9,49
RJ 06_25C-b2,420,01/11/23,24.9,49
RJ 06_25C-b2,510,01/11/23,24.9,49
RJ 06_25C-b2,690,01/11/23,24.9,49
RJ 06_25C-b2,690,01/11/23,24.9,49
RJ 06_25C-b2,690,01/11/23,24.9,49
JP 13_18C-b2,480,01/11/23,24.9,49
JP 13_18C-b2,600,01/11/23,24.9,49
JP 13_18C-b2,630,01/11/23,24.9,49
JP 13_18C-b2,720,01/11/23,24.9,49
JP 13_18C-b2,NA,01/11/23,24.9,49
JP 13_25C-b2,420,01/11/23,24.9,49
JP 13_25C-b2,480,01/11/23,24.9,49
JP 13_25C-b2,540,01/11/23,24.9,49
JP 13_25C-b2,540,01/11/23,24.9,49
JP 13_25C-b2,630,01/11/23,24.9,49
PE 01_18C-b2,510,01/11/23,24.9,49
PE 01_18C-b2,570,01/11/23,24.9,49
PE 01_18C-b2,750,01/11/23,24.9,49
PE 01_18C-b2,870,01/11/23,24.9,49
PE 01_18C-b2,900,01/11/23,24.9,49
PE 01_25C-b2,360,01/11/23,24.9,49
PE 01_25C-b2,540,01/11/23,24.9,49
PE 01_25C-b2,540,01/11/23,24.9,49
PE 01_25C-b2,NA,01/11/23,24.9,49
PE 01_25C-b2,NA,01/11/23,24.9,49
NE 04_18C-b2,540,01/11/23,24.9,49
NE 04_18C-b2,690,01/11/23,24.9,49
NE 04_18C-b2,690,01/11/23,24.9,49
NE 04_18C-b2,NA,01/11/23,24.9,49
NE 04_18C-b2,NA,01/11/23,24.9,49
JP 16_25C-b2,660,01/11/23,24.9,49
JP 16_25C-b2,840,01/11/23,24.9,49
JP 16_25C-b2,NA,01/11/23,24.9,49
JP 16_25C-b2,NA,01/11/23,24.9,49
JP 16_25C-b2,NA,01/11/23,24.9,49
NE 10_18C-b2,510,07/11/23,24.1,44
NE 10_18C-b2,630,07/11/23,24.1,44
NE 10_18C-b2,630,07/11/23,24.1,44
NE 10_18C-b2,630,07/11/23,24.1,44
NE 10_18C-b2,NA,07/11/23,24.1,44
NE 10_25C-b2,300,07/11/23,24.1,44
NE 10_25C-b2,300,07/11/23,24.1,44
NE 10_25C-b2,330,07/11/23,24.1,44
NE 10_25C-b2,390,07/11/23,24.1,44
NE 10_25C-b2,510,07/11/23,24.1,44
JP 30_18C-b2,480,07/11/23,24.1,44
JP 30_18C-b2,690,07/11/23,24.1,44
JP 30_18C-b2,810,07/11/23,24.1,44
JP 30_18C-b2,810,07/11/23,24.1,44
JP 30_18C-b2,840,07/11/23,24.1,44
JP 30_25C-b2,450,07/11/23,24.1,44
JP 30_25C-b2,510,07/11/23,24.1,44
JP 30_25C-b2,540,07/11/23,24.1,44
JP 30_25C-b2,540,07/11/23,24.1,44
JP 30_25C-b2,720,07/11/23,24.1,44
RJ 09_18C-b2,510,07/11/23,24.1,44
RJ 09_18C-b2,510,07/11/23,24.1,44
RJ 09_18C-b2,630,07/11/23,24.1,44
RJ 09_18C-b2,630,07/11/23,24.1,44
RJ 09_18C-b2,720,07/11/23,24.1,44
RJ 09_25C-b2,420,07/11/23,24.1,44
RJ 09_25C-b2,420,07/11/23,24.1,44
RJ 09_25C-b2,450,07/11/23,24.1,44
RJ 09_25C-b2,480,07/11/23,24.1,44
RJ 09_25C-b2,540,07/11/23,24.1,44
PE 08_18C-b2,480,07/11/23,24.1,44
PE 08_18C-b2,510,07/11/23,24.1,44
PE 08_18C-b2,570,07/11/23,24.1,44
PE 08_18C-b2,570,07/11/23,24.1,44
PE 08_18C-b2,570,07/11/23,24.1,44
PE 08_25C-b2,450,07/11/23,24.1,44
PE 08_25C-b2,480,07/11/23,24.1,44
PE 08_25C-b2,510,07/11/23,24.1,44
PE 08_25C-b2,570,07/11/23,24.1,44
PE 08_25C-b2,630,07/11/23,24.1,44
NE 14_18C-b2,390,07/11/23,24.3,41
NE 14_18C-b2,540,07/11/23,24.3,41
NE 14_18C-b2,660,07/11/23,24.3,41
NE 14_18C-b2,660,07/11/23,24.3,41
NE 14_18C-b2,NA,07/11/23,24.3,41
NE 14_25C-b2,240,07/11/23,24.3,41
NE 14_25C-b2,390,07/11/23,24.3,41
NE 14_25C-b2,390,07/11/23,24.3,41
NE 14_25C-b2,480,07/11/23,24.3,41
NE 14_25C-b2,510,07/11/23,24.3,41
RJ 12_18C-b2,660,07/11/23,24.3,41
RJ 12_18C-b2,660,07/11/23,24.3,41
RJ 12_18C-b2,690,07/11/23,24.3,41
RJ 12_18C-b2,900,07/11/23,24.3,41
RJ 12_18C-b2,1140,07/11/23,24.3,41
RJ 12_25C-b2,480,07/11/23,24.3,41
RJ 12_25C-b2,480,07/11/23,24.3,41
RJ 12_25C-b2,630,07/11/23,24.3,41
RJ 12_25C-b2,720,07/11/23,24.3,41
RJ 12_25C-b2,NA,07/11/23,24.3,41
JP 23_18C-b2,420,07/11/23,24.3,41
JP 23_18C-b2,420,07/11/23,24.3,41
JP 23_18C-b2,480,07/11/23,24.3,41
JP 23_18C-b2,660,07/11/23,24.3,41
JP 23_18C-b2,690,07/11/23,24.3,41
JP 23_25C-b2,540,07/11/23,24.3,41
JP 23_25C-b2,540,07/11/23,24.3,41
JP 23_25C-b2,660,07/11/23,24.3,41
JP 23_25C-b2,660,07/11/23,24.3,41
JP 23_25C-b2,NA,07/11/23,24.3,41
PE 12_18C-b2,630,07/11/23,24.3,41
PE 12_18C-b2,630,07/11/23,24.3,41
PE 12_18C-b2,720,07/11/23,24.3,41
PE 12_18C-b2,810,07/11/23,24.3,41
PE 12_18C-b2,NA,07/11/23,24.3,41
PE 12_25C-b2,360,07/11/23,24.3,41
PE 12_25C-b2,390,07/11/23,24.3,41
PE 12_25C-b2,420,07/11/23,24.3,41
PE 12_25C-b2,420,07/11/23,24.3,41
PE 12_25C-b2,420,07/11/23,24.3,41
NE 15_18C-b2,570,08/11/23,24.4,44
NE 15_18C-b2,570,08/11/23,24.4,44
NE 15_18C-b2,570,08/11/23,24.4,44
NE 15_18C-b2,NA,08/11/23,24.4,44
NE 15_18C-b2,NA,08/11/23,24.4,44
NE 15_25C-b2,330,08/11/23,24.4,44
NE 15_25C-b2,330,08/11/23,24.4,44
NE 15_25C-b2,330,08/11/23,24.4,44
NE 15_25C-b2,450,08/11/23,24.4,44
NE 15_25C-b2,690,08/11/23,24.4,44
JP 26_18C-b2,600,08/11/23,24.4,44
JP 26_18C-b2,600,08/11/23,24.4,44
JP 26_18C-b2,690,08/11/23,24.4,44
JP 26_18C-b2,690,08/11/23,24.4,44
JP 26_18C-b2,780,08/11/23,24.4,44
JP 26_25C-b2,360,08/11/23,24.4,44
JP 26_25C-b2,360,08/11/23,24.4,44
JP 26_25C-b2,450,08/11/23,24.4,44
JP 26_25C-b2,450,08/11/23,24.4,44
JP 26_25C-b2,510,08/11/23,24.4,44
RJ 15_18C-b2,570,08/11/23,24.4,44
RJ 15_18C-b2,600,08/11/23,24.4,44
RJ 15_18C-b2,720,08/11/23,24.4,44
RJ 15_18C-b2,720,08/11/23,24.4,44
RJ 15_18C-b2,720,08/11/23,24.4,44
RJ 15_25C-b2,420,08/11/23,24.4,44
RJ 15_25C-b2,420,08/11/23,24.4,44
RJ 15_25C-b2,420,08/11/23,24.4,44
RJ 15_25C-b2,570,08/11/23,24.4,44
RJ 15_25C-b2,600,08/11/23,24.4,44
JP 22_18C-b2,570,08/11/23,24.4,44
JP 22_18C-b2,600,08/11/23,24.4,44
JP 22_18C-b2,600,08/11/23,24.4,44
JP 22_18C-b2,630,08/11/23,24.4,44
JP 22_18C-b2,630,08/11/23,24.4,44
JP 22_25C-b2,510,08/11/23,24.4,44
JP 22_25C-b2,510,08/11/23,24.4,44
JP 22_25C-b2,570,08/11/23,24.4,44
JP 22_25C-b2,570,08/11/23,24.4,44
JP 22_25C-b2,600,08/11/23,24.4,44
NE 09_18C-b2,570,08/11/23,24.2,43
NE 09_18C-b2,660,08/11/23,24.2,43
NE 09_18C-b2,750,08/11/23,24.2,43
NE 09_18C-b2,780,08/11/23,24.2,43
NE 09_18C-b2,780,08/11/23,24.2,43
NE 09_25C-b2,570,08/11/23,24.2,43
NE 09_25C-b2,570,08/11/23,24.2,43
NE 09_25C-b2,570,08/11/23,24.2,43
NE 09_25C-b2,690,08/11/23,24.2,43
NE 09_25C-b2,690,08/11/23,24.2,43
JP 24_18C-b2,510,08/11/23,24.2,43
JP 24_18C-b2,780,08/11/23,24.2,43
JP 24_18C-b2,780,08/11/23,24.2,43
JP 24_18C-b2,NA,08/11/23,24.2,43
JP 24_18C-b2,NA,08/11/23,24.2,43
JP 24_25C-b2,420,08/11/23,24.2,43
JP 24_25C-b2,450,08/11/23,24.2,43
JP 24_25C-b2,480,08/11/23,24.2,43
JP 24_25C-b2,570,08/11/23,24.2,43
JP 24_25C-b2,NA,08/11/23,24.2,43
JP 28_18C-b2,690,08/11/23,24.2,43
JP 28_18C-b2,870,08/11/23,24.2,43
JP 28_18C-b2,870,08/11/23,24.2,43
JP 28_18C-b2,1200,08/11/23,24.2,43
JP 28_18C-b2,NA,08/11/23,24.2,43
JP 28_25C-b2,480,08/11/23,24.2,43
JP 28_25C-b2,570,08/11/23,24.2,43
JP 28_25C-b2,570,08/11/23,24.2,43
JP 28_25C-b2,NA,08/11/23,24.2,43
JP 28_25C-b2,NA,08/11/23,24.2,43
PE 10_18C-b2,480,08/11/23,24.2,43
PE 10_18C-b2,540,08/11/23,24.2,43
PE 10_18C-b2,540,08/11/23,24.2,43
PE 10_18C-b2,570,08/11/23,24.2,43
PE 10_18C-b2,NA,08/11/23,24.2,43
PE 10_25C-b2,420,08/11/23,24.2,43
PE 10_25C-b2,420,08/11/23,24.2,43
PE 10_25C-b2,450,08/11/23,24.2,43
PE 10_25C-b2,450,08/11/23,24.2,43
PE 10_25C-b2,NA,08/11/23,24.2,43
NE 19_18C-b2,510,14/11/23,24.9,45
NE 19_18C-b2,690,14/11/23,24.9,45
NE 19_18C-b2,720,14/11/23,24.9,45
NE 19_18C-b2,NA,14/11/23,24.9,45
NE 19_18C-b2,NA,14/11/23,24.9,45
NE 19_25C-b2,420,14/11/23,24.9,45
NE 19_25C-b2,420,14/11/23,24.9,45
NE 19_25C-b2,480,14/11/23,24.9,45
NE 19_25C-b2,510,14/11/23,24.9,45
NE 19_25C-b2,510,14/11/23,24.9,45
PE 14_18C-b2,600,14/11/23,24.9,45
PE 14_18C-b2,1140,14/11/23,24.9,45
PE 14_18C-b2,NA,14/11/23,24.9,45
PE 14_18C-b2,NA,14/11/23,24.9,45
PE 14_18C-b2,NA,14/11/23,24.9,45
PE 14_25C-b2,360,14/11/23,24.9,45
PE 14_25C-b2,420,14/11/23,24.9,45
PE 14_25C-b2,420,14/11/23,24.9,45
PE 14_25C-b2,540,14/11/23,24.9,45
PE 14_25C-b2,540,14/11/23,24.9,45
RJ 22_18C-b2,540,14/11/23,24.9,45
RJ 22_18C-b2,600,14/11/23,24.9,45
RJ 22_18C-b2,750,14/11/23,24.9,45
RJ 22_18C-b2,870,14/11/23,24.9,45
RJ 22_18C-b2,960,14/11/23,24.9,45
RJ 22_25C-b2,390,14/11/23,24.9,45
RJ 22_25C-b2,390,14/11/23,24.9,45
RJ 22_25C-b2,510,14/11/23,24.9,45
RJ 22_25C-b2,NA,14/11/23,24.9,45
RJ 22_25C-b2,NA,14/11/23,24.9,45
JP 36_18C-b2,570,14/11/23,24.9,45
JP 36_18C-b2,570,14/11/23,24.9,45
JP 36_18C-b2,570,14/11/23,24.9,45
JP 36_18C-b2,570,14/11/23,24.9,45
JP 36_18C-b2,570,14/11/23,24.9,45
JP 36_25C-b2,450,14/11/23,24.9,45
JP 36_25C-b2,450,14/11/23,24.9,45
JP 36_25C-b2,570,14/11/23,24.9,45
JP 36_25C-b2,NA,14/11/23,24.9,45
JP 36_25C-b2,NA,14/11/23,24.9,45
NE 21_18C-b2,450,14/11/23,25.1,43
NE 21_18C-b2,450,14/11/23,25.1,43
NE 21_18C-b2,450,14/11/23,25.1,43
NE 21_18C-b2,600,14/11/23,25.1,43
NE 21_18C-b2,NA,14/11/23,25.1,43
NE 21_25C-b2,270,14/11/23,25.1,43
NE 21_25C-b2,270,14/11/23,25.1,43
NE 21_25C-b2,330,14/11/23,25.1,43
NE 21_25C-b2,330,14/11/23,25.1,43
NE 21_25C-b2,390,14/11/23,25.1,43
JP 37_18C-b2,480,14/11/23,25.1,43
JP 37_18C-b2,480,14/11/23,25.1,43
JP 37_18C-b2,600,14/11/23,25.1,43
JP 37_18C-b2,1020,14/11/23,25.1,43
JP 37_18C-b2,1080,14/11/23,25.1,43
JP 37_25C-b2,360,14/11/23,25.1,43
JP 37_25C-b2,480,14/11/23,25.1,43
JP 37_25C-b2,630,14/11/23,25.1,43
JP 37_25C-b2,630,14/11/23,25.1,43
JP 37_25C-b2,630,14/11/23,25.1,43
PE 15_18C-b2,420,14/11/23,25.1,43
PE 15_18C-b2,480,14/11/23,25.1,43
PE 15_18C-b2,510,14/11/23,25.1,43
PE 15_18C-b2,600,14/11/23,25.1,43
PE 15_18C-b2,630,14/11/23,25.1,43
PE 15_25C-b2,330,14/11/23,25.1,43
PE 15_25C-b2,390,14/11/23,25.1,43
PE 15_25C-b2,390,14/11/23,25.1,43
PE 15_25C-b2,420,14/11/23,25.1,43
PE 15_25C-b2,NA,14/11/23,25.1,43
RJ 21_18C-b2,510,14/11/23,25.1,43
RJ 21_18C-b2,510,14/11/23,25.1,43
RJ 21_18C-b2,510,14/11/23,25.1,43
RJ 21_18C-b2,540,14/11/23,25.1,43
RJ 21_18C-b2,570,14/11/23,25.1,43
RJ 21_25C-b2,360,14/11/23,25.1,43
RJ 21_25C-b2,420,14/11/23,25.1,43
RJ 21_25C-b2,540,14/11/23,25.1,43
RJ 21_25C-b2,570,14/11/23,25.1,43
RJ 21_25C-b2,600,14/11/23,25.1,43
NE 18_25C-b2,630,15/11/23,25.2,49
NE 18_25C-b2,630,15/11/23,25.2,49
NE 18_25C-b2,810,15/11/23,25.2,49
NE 18_25C-b2,NA,15/11/23,25.2,49
NE 18_25C-b2,NA,15/11/23,25.2,49
NE 18_18C-b2,300,15/11/23,25.2,49
NE 18_18C-b2,330,15/11/23,25.2,49
NE 18_18C-b2,450,15/11/23,25.2,49
NE 18_18C-b2,570,15/11/23,25.2,49
NE 18_18C-b2,600,15/11/23,25.2,49
RJ 27_18C-b2,570,15/11/23,25.2,49
RJ 27_18C-b2,570,15/11/23,25.2,49
RJ 27_18C-b2,570,15/11/23,25.2,49
RJ 27_18C-b2,810,15/11/23,25.2,49
RJ 27_18C-b2,810,15/11/23,25.2,49
RJ 27_25C-b2,540,15/11/23,25.2,49
RJ 27_25C-b2,540,15/11/23,25.2,49
RJ 27_25C-b2,600,15/11/23,25.2,49
RJ 27_25C-b2,600,15/11/23,25.2,49
RJ 27_25C-b2,720,15/11/23,25.2,49
PE 17_18C-b2,690,15/11/23,25.2,49
PE 17_18C-b2,720,15/11/23,25.2,49
PE 17_18C-b2,780,15/11/23,25.2,49
PE 17_18C-b2,780,15/11/23,25.2,49
PE 17_18C-b2,NA,15/11/23,25.2,49
PE 17_25C-b2,450,15/11/23,25.2,49
PE 17_25C-b2,660,15/11/23,25.2,49
PE 17_25C-b2,660,15/11/23,25.2,49
PE 17_25C-b2,660,15/11/23,25.2,49
PE 17_25C-b2,660,15/11/23,25.2,49
JP 35_18C-b2,690,15/11/23,25.2,49
JP 35_18C-b2,690,15/11/23,25.2,49
JP 35_18C-b2,720,15/11/23,25.2,49
JP 35_18C-b2,720,15/11/23,25.2,49
JP 35_18C-b2,750,15/11/23,25.2,49
JP 35_25C-b2,450,15/11/23,25.2,49
JP 35_25C-b2,450,15/11/23,25.2,49
JP 35_25C-b2,450,15/11/23,25.2,49
JP 35_25C-b2,450,15/11/23,25.2,49
JP 35_25C-b2,450,15/11/23,25.2,49
NE 17_18C-b2,720,16/11/23,25.1,48
NE 17_18C-b2,750,16/11/23,25.1,48
NE 17_18C-b2,750,16/11/23,25.1,48
NE 17_18C-b2,780,16/11/23,25.1,48
NE 17_18C-b2,NA,16/11/23,25.1,48
NE 17_25C-b2,420,16/11/23,25.1,48
NE 17_25C-b2,450,16/11/23,25.1,48
NE 17_25C-b2,660,16/11/23,25.1,48
NE 17_25C-b2,690,16/11/23,25.1,48
NE 17_25C-b2,NA,16/11/23,25.1,48
NE 22_18C-b2,540,16/11/23,25.1,48
NE 22_18C-b2,540,16/11/23,25.1,48
NE 22_18C-b2,570,16/11/23,25.1,48
NE 22_18C-b2,570,16/11/23,25.1,48
NE 22_18C-b2,720,16/11/23,25.1,48
NE 22_25C-b2,420,16/11/23,25.1,48
NE 22_25C-b2,420,16/11/23,25.1,48
NE 22_25C-b2,450,16/11/23,25.1,48
NE 22_25C-b2,450,16/11/23,25.1,48
NE 22_25C-b2,NA,16/11/23,25.1,48
RJ 23_18C-b2,480,16/11/23,25.1,48
RJ 23_18C-b2,510,16/11/23,25.1,48
RJ 23_18C-b2,510,16/11/23,25.1,48
RJ 23_18C-b2,510,16/11/23,25.1,48
RJ 23_18C-b2,540,16/11/23,25.1,48
RJ 23_25C-b2,510,16/11/23,25.1,48
RJ 23_25C-b2,510,16/11/23,25.1,48
RJ 23_25C-b2,540,16/11/23,25.1,48
RJ 23_25C-b2,540,16/11/23,25.1,48
RJ 23_25C-b2,630,16/11/23,25.1,48
JP 32_18C-b2,690,16/11/23,25.1,48
JP 32_18C-b2,690,16/11/23,25.1,48
JP 32_18C-b2,690,16/11/23,25.1,48
JP 32_18C-b2,690,16/11/23,25.1,48
JP 32_18C-b2,750,16/11/23,25.1,48
JP 32_25C-b2,420,16/11/23,25.1,48
JP 32_25C-b2,450,16/11/23,25.1,48
JP 32_25C-b2,480,16/11/23,25.1,48
JP 32_25C-b2,540,16/11/23,25.1,48
JP 32_25C-b2,NA,16/11/23,25.1,48
JP 38_18C-b2,390,16/11/23,25.1,48
JP 38_18C-b2,570,16/11/23,25.1,48
JP 38_18C-b2,690,16/11/23,25.1,48
JP 38_18C-b2,690,16/11/23,25.1,48
JP 38_18C-b2,780,16/11/23,25.1,48
JP 38_25C-b2,450,16/11/23,25.1,48
JP 38_25C-b2,450,16/11/23,25.1,48
JP 38_25C-b2,450,16/11/23,25.1,48
JP 38_25C-b2,510,16/11/23,25.1,48
JP 38_25C-b2,510,16/11/23,25.1,48
RJ 16_18C-b2,690,16/11/23,25.1,48
RJ 16_18C-b2,690,16/11/23,25.1,48
RJ 16_18C-b2,720,16/11/23,25.1,48
RJ 16_18C-b2,810,16/11/23,25.1,48
RJ 16_18C-b2,810,16/11/23,25.1,48
RJ 16_25C-b2,600,16/11/23,25.1,48
RJ 16_25C-b2,600,16/11/23,25.1,48
RJ 16_25C-b2,660,16/11/23,25.1,48
RJ 16_25C-b2,660,16/11/23,25.1,48
RJ 16_25C-b2,660,16/11/23,25.1,48
NE 23_18C-b2,690,16/11/23,25.1,48
NE 23_18C-b2,690,16/11/23,25.1,48
NE 23_18C-b2,690,16/11/23,25.1,48
NE 23_18C-b2,690,16/11/23,25.1,48
NE 23_18C-b2,810,16/11/23,25.1,48
NE 23_25C-b2,360,16/11/23,25.1,48
NE 23_25C-b2,450,16/11/23,25.1,48
NE 23_25C-b2,630,16/11/23,25.1,48
NE 23_25C-b2,630,16/11/23,25.1,48
NE 23_25C-b2,NA,16/11/23,25.1,48
RJ 19_18C-b2,570,16/11/23,25.1,48
RJ 19_18C-b2,570,16/11/23,25.1,48
RJ 19_18C-b2,600,16/11/23,25.1,48
RJ 19_18C-b2,600,16/11/23,25.1,48
RJ 19_18C-b2,630,16/11/23,25.1,48
RJ 19_25C-b2,600,16/11/23,25.1,48
RJ 19_25C-b2,600,16/11/23,25.1,48
RJ 19_25C-b2,600,16/11/23,25.1,48
RJ 19_25C-b2,720,16/11/23,25.1,48
RJ 19_25C-b2,720,16/11/23,25.1,48
JP 33_18C-b2,690,16/11/23,25.1,48
JP 33_18C-b2,690,16/11/23,25.1,48
JP 33_18C-b2,750,16/11/23,25.1,48
JP 33_18C-b2,750,16/11/23,25.1,48
JP 33_18C-b2,750,16/11/23,25.1,48
JP 33_25C-b2,480,16/11/23,25.1,48
JP 33_25C-b2,630,16/11/23,25.1,48
JP 33_25C-b2,630,16/11/23,25.1,48
JP 33_25C-b2,720,16/11/23,25.1,48
JP 33_25C-b2,720,16/11/23,25.1,48
PE 13_18C-b2,480,16/11/23,25.1,48
PE 13_18C-b2,690,16/11/23,25.1,48
PE 13_18C-b2,690,16/11/23,25.1,48
PE 13_18C-b2,NA,16/11/23,25.1,48
PE 13_18C-b2,NA,16/11/23,25.1,48
PE 13_25C-b2,510,16/11/23,25.1,48
PE 13_25C-b2,600,16/11/23,25.1,48
PE 13_25C-b2,630,16/11/23,25.1,48
PE 13_25C-b2,630,16/11/23,25.1,48
PE 13_25C-b2,NA,16/11/23,25.1,48
RJ 17_18C-b2,600,17/11/23,25.2,42
RJ 17_18C-b2,630,17/11/23,25.2,42
RJ 17_18C-b2,630,17/11/23,25.2,42
RJ 17_18C-b2,660,17/11/23,25.2,42
RJ 17_18C-b2,720,17/11/23,25.2,42
RJ 17_25C-b2,480,17/11/23,25.2,42
RJ 17_25C-b2,570,17/11/23,25.2,42
RJ 17_25C-b2,570,17/11/23,25.2,42
RJ 17_25C-b2,600,17/11/23,25.2,42
RJ 17_25C-b2,600,17/11/23,25.2,42
NE 16_18C-b2,450,17/11/23,25.2,42
NE 16_18C-b2,510,17/11/23,25.2,42
NE 16_18C-b2,510,17/11/23,25.2,42
NE 16_18C-b2,660,17/11/23,25.2,42
NE 16_18C-b2,NA,17/11/23,25.2,42
NE 16_25C-b2,390,17/11/23,25.2,42
NE 16_25C-b2,390,17/11/23,25.2,42
NE 16_25C-b2,420,17/11/23,25.2,42
NE 16_25C-b2,420,17/11/23,25.2,42
NE 16_25C-b2,420,17/11/23,25.2,42
PE 16_18C-b2,540,17/11/23,25.2,42
PE 16_18C-b2,540,17/11/23,25.2,42
PE 16_18C-b2,540,17/11/23,25.2,42
PE 16_18C-b2,600,17/11/23,25.2,42
PE 16_18C-b2,NA,17/11/23,25.2,42
PE 16_25C-b2,420,17/11/23,25.2,42
PE 16_25C-b2,420,17/11/23,25.2,42
PE 16_25C-b2,450,17/11/23,25.2,42
PE 16_25C-b2,450,17/11/23,25.2,42
PE 16_25C-b2,450,17/11/23,25.2,42
JP 39_18C-b2,660,17/11/23,25.2,42
JP 39_18C-b2,660,17/11/23,25.2,42
JP 39_18C-b2,690,17/11/23,25.2,42
JP 39_18C-b2,690,17/11/23,25.2,42
JP 39_18C-b2,720,17/11/23,25.2,42
JP 39_25C-b2,450,17/11/23,25.2,42
JP 39_25C-b2,480,17/11/23,25.2,42
JP 39_25C-b2,480,17/11/23,25.2,42
JP 39_25C-b2,NA,17/11/23,25.2,42
JP 39_25C-b2,NA,17/11/23,25.2,42
RJ 26_18C-b2,540,17/11/23,25.2,42
RJ 26_18C-b2,600,17/11/23,25.2,42
RJ 26_18C-b2,600,17/11/23,25.2,42
RJ 26_18C-b2,600,17/11/23,25.2,42
RJ 26_18C-b2,NA,17/11/23,25.2,42
RJ 26_25C-b2,480,17/11/23,25.2,42
RJ 26_25C-b2,600,17/11/23,25.2,42
RJ 26_25C-b2,600,17/11/23,25.2,42
RJ 26_25C-b2,600,17/11/23,25.2,42
RJ 26_25C-b2,600,17/11/23,25.2,42
PE 19_18C-b2,600,23/11/23,24.1,53
PE 19_18C-b2,600,23/11/23,24.1,53
PE 19_18C-b2,600,23/11/23,24.1,53
PE 19_18C-b2,NA,23/11/23,24.1,53
PE 19_18C-b2,NA,23/11/23,24.1,53
PE 19_25C-b2,960,23/11/23,24.1,53
PE 19_25C-b2,960,23/11/23,24.1,53
PE 19_25C-b2,960,23/11/23,24.1,53
PE 19_25C-b2,NA,23/11/23,24.1,53
PE 19_25C-b2,NA,23/11/23,24.1,53
RJ 31_18C-b2,810,23/11/23,24.1,53
RJ 31_18C-b2,810,23/11/23,24.1,53
RJ 31_18C-b2,810,23/11/23,24.1,53
RJ 31_18C-b2,810,23/11/23,24.1,53
RJ 31_18C-b2,810,23/11/23,24.1,53
RJ 31_25C-b2,480,23/11/23,24.1,53
RJ 31_25C-b2,510,23/11/23,24.1,53
RJ 31_25C-b2,510,23/11/23,24.1,53
RJ 31_25C-b2,510,23/11/23,24.1,53
RJ 31_25C-b2,NA,23/11/23,24.1,53
JP 40_18C-b2,570,23/11/23,24.1,53
JP 40_18C-b2,570,23/11/23,24.1,53
JP 40_18C-b2,600,23/11/23,24.1,53
JP 40_18C-b2,600,23/11/23,24.1,53
JP 40_18C-b2,600,23/11/23,24.1,53
JP 40_25C-b2,540,23/11/23,24.1,53
JP 40_25C-b2,690,23/11/23,24.1,53
JP 40_25C-b2,690,23/11/23,24.1,53
JP 40_25C-b2,840,23/11/23,24.1,53
JP 40_25C-b2,840,23/11/23,24.1,53
JP 46_18C-b2,660,23/11/23,24.1,53
JP 46_18C-b2,660,23/11/23,24.1,53
JP 46_18C-b2,660,23/11/23,24.1,53
JP 46_18C-b2,660,23/11/23,24.1,53
JP 46_18C-b2,NA,23/11/23,24.1,53
JP 46_25C-b2,390,23/11/23,24.1,53
JP 46_25C-b2,390,23/11/23,24.1,53
JP 46_25C-b2,450,23/11/23,24.1,53
JP 46_25C-b2,450,23/11/23,24.1,53
JP 46_25C-b2,450,23/11/23,24.1,53
NE 44_18C-b2,390,23/11/23,24.1,53
NE 44_18C-b2,450,23/11/23,24.1,53
NE 44_18C-b2,600,23/11/23,24.1,53
NE 44_18C-b2,600,23/11/23,24.1,53
NE 44_18C-b2,600,23/11/23,24.1,53
NE 44_25C-b2,330,23/11/23,24.1,53
NE 44_25C-b2,330,23/11/23,24.1,53
NE 44_25C-b2,330,23/11/23,24.1,53
NE 44_25C-b2,NA,23/11/23,24.1,53
NE 44_25C-b2,NA,23/11/23,24.1,53
RJ 41_18C-b2,660,24/11/23,24.9,46
RJ 41_18C-b2,660,24/11/23,24.9,46
RJ 41_18C-b2,720,24/11/23,24.9,46
RJ 41_18C-b2,840,24/11/23,24.9,46
RJ 41_18C-b2,960,24/11/23,24.9,46
RJ 41_25C-b2,480,24/11/23,24.9,46
RJ 41_25C-b2,480,24/11/23,24.9,46
RJ 41_25C-b2,480,24/11/23,24.9,46
RJ 41_25C-b2,570,24/11/23,24.9,46
RJ 41_25C-b2,NA,24/11/23,24.9,46
PE 22_18C-b2,630,24/11/23,24.9,46
PE 22_18C-b2,780,24/11/23,24.9,46
PE 22_18C-b2,780,24/11/23,24.9,46
PE 22_18C-b2,780,24/11/23,24.9,46
PE 22_18C-b2,NA,24/11/23,24.9,46
PE 22_25C-b2,450,24/11/23,24.9,46
PE 22_25C-b2,450,24/11/23,24.9,46
PE 22_25C-b2,480,24/11/23,24.9,46
PE 22_25C-b2,480,24/11/23,24.9,46
PE 22_25C-b2,690,24/11/23,24.9,46
NE 30_18C-b2,510,24/11/23,24.9,46
NE 30_18C-b2,540,24/11/23,24.9,46
NE 30_18C-b2,540,24/11/23,24.9,46
NE 30_18C-b2,780,24/11/23,24.9,46
NE 30_18C-b2,NA,24/11/23,24.9,46
NE 30_25C-b2,360,24/11/23,24.9,46
NE 30_25C-b2,360,24/11/23,24.9,46
NE 30_25C-b2,420,24/11/23,24.9,46
NE 30_25C-b2,420,24/11/23,24.9,46
NE 30_25C-b2,420,24/11/23,24.9,46
RJ 38_18C-b2,690,24/11/23,24.9,46
RJ 38_18C-b2,780,24/11/23,24.9,46
RJ 38_18C-b2,810,24/11/23,24.9,46
RJ 38_18C-b2,840,24/11/23,24.9,46
RJ 38_18C-b2,840,24/11/23,24.9,46
RJ 38_25C-b2,570,24/11/23,24.9,46
RJ 38_25C-b2,750,24/11/23,24.9,46
RJ 38_25C-b2,780,24/11/23,24.9,46
RJ 38_25C-b2,780,24/11/23,24.9,46
RJ 38_25C-b2,NA,24/11/23,24.9,46
JP 52_18C-b2,360,24/11/23,24.9,46
JP 52_18C-b2,450,24/11/23,24.9,46
JP 52_18C-b2,450,24/11/23,24.9,46
JP 52_18C-b2,480,24/11/23,24.9,46
JP 52_18C-b2,480,24/11/23,24.9,46
JP 52_25C-b2,330,24/11/23,24.9,46
JP 52_25C-b2,330,24/11/23,24.9,46
JP 52_25C-b2,330,24/11/23,24.9,46
JP 52_25C-b2,390,24/11/23,24.9,46
JP 52_25C-b2,390,24/11/23,24.9,46
NE 47_18C-b2,420,24/11/23,25.2,45
NE 47_18C-b2,420,24/11/23,25.2,45
NE 47_18C-b2,540,24/11/23,25.2,45
NE 47_18C-b2,600,24/11/23,25.2,45
NE 47_18C-b2,600,24/11/23,25.2,45
NE 47_25C-b2,330,24/11/23,25.2,45
NE 47_25C-b2,360,24/11/23,25.2,45
NE 47_25C-b2,360,24/11/23,25.2,45
NE 47_25C-b2,390,24/11/23,25.2,45
NE 47_25C-b2,390,24/11/23,25.2,45
RJ 42_18C-b2,600,24/11/23,25.2,45
RJ 42_18C-b2,660,24/11/23,25.2,45
RJ 42_18C-b2,750,24/11/23,25.2,45
RJ 42_18C-b2,750,24/11/23,25.2,45
RJ 42_18C-b2,780,24/11/23,25.2,45
RJ 42_25C-b2,600,24/11/23,25.2,45
RJ 42_25C-b2,600,24/11/23,25.2,45
RJ 42_25C-b2,600,24/11/23,25.2,45
RJ 42_25C-b2,750,24/11/23,25.2,45
RJ 42_25C-b2,750,24/11/23,25.2,45
JP 50_18C-b2,570,24/11/23,25.2,45
JP 50_18C-b2,570,24/11/23,25.2,45
JP 50_18C-b2,600,24/11/23,25.2,45
JP 50_18C-b2,600,24/11/23,25.2,45
JP 50_18C-b2,600,24/11/23,25.2,45
JP 50_25C-b2,420,24/11/23,25.2,45
JP 50_25C-b2,420,24/11/23,25.2,45
JP 50_25C-b2,420,24/11/23,25.2,45
JP 50_25C-b2,480,24/11/23,25.2,45
JP 50_25C-b2,480,24/11/23,25.2,45
PE 23_18C-b2,420,24/11/23,25.2,45
PE 23_18C-b2,420,24/11/23,25.2,45
PE 23_18C-b2,450,24/11/23,25.2,45
PE 23_18C-b2,540,24/11/23,25.2,45
PE 23_18C-b2,630,24/11/23,25.2,45
PE 23_25C-b2,390,24/11/23,25.2,45
PE 23_25C-b2,420,24/11/23,25.2,45
PE 23_25C-b2,420,24/11/23,25.2,45
PE 23_25C-b2,420,24/11/23,25.2,45
PE 23_25C-b2,450,24/11/23,25.2,45
NE 26_18C-b2,390,24/11/23,25.2,45
NE 26_18C-b2,390,24/11/23,25.2,45
NE 26_18C-b2,450,24/11/23,25.2,45
NE 26_18C-b2,450,24/11/23,25.2,45
NE 26_18C-b2,510,24/11/23,25.2,45
NE 26_25C-b2,300,24/11/23,25.2,45
NE 26_25C-b2,330,24/11/23,25.2,45
NE 26_25C-b2,330,24/11/23,25.2,45
NE 26_25C-b2,330,24/11/23,25.2,45
NE 26_25C-b2,330,24/11/23,25.2,45
NE 39_18C-b2,420,24/11/23,24.4,45
NE 39_18C-b2,480,24/11/23,24.4,45
NE 39_18C-b2,480,24/11/23,24.4,45
NE 39_18C-b2,480,24/11/23,24.4,45
NE 39_18C-b2,480,24/11/23,24.4,45
NE 39_25C-b2,510,24/11/23,24.4,45
NE 39_25C-b2,510,24/11/23,24.4,45
NE 39_25C-b2,510,24/11/23,24.4,45
NE 39_25C-b2,NA,24/11/23,24.4,45
NE 39_25C-b2,NA,24/11/23,24.4,45
PE 24_18C-b2,540,24/11/23,24.4,45
PE 24_18C-b2,630,24/11/23,24.4,45
PE 24_18C-b2,630,24/11/23,24.4,45
PE 24_18C-b2,690,24/11/23,24.4,45
PE 24_18C-b2,690,24/11/23,24.4,45
PE 24_25C-b2,240,24/11/23,24.4,45
PE 24_25C-b2,390,24/11/23,24.4,45
PE 24_25C-b2,390,24/11/23,24.4,45
PE 24_25C-b2,390,24/11/23,24.4,45
PE 24_25C-b2,450,24/11/23,24.4,45
PE 18_18C-b2,480,24/11/23,24.4,45
PE 18_18C-b2,540,24/11/23,24.4,45
PE 18_18C-b2,570,24/11/23,24.4,45
PE 18_18C-b2,570,24/11/23,24.4,45
PE 18_18C-b2,570,24/11/23,24.4,45
PE 18_25C-b2,330,24/11/23,24.4,45
PE 18_25C-b2,420,24/11/23,24.4,45
PE 18_25C-b2,420,24/11/23,24.4,45
PE 18_25C-b2,420,24/11/23,24.4,45
PE 18_25C-b2,660,24/11/23,24.4,45
RJ 32_18C-b2,510,24/11/23,24.4,45
RJ 32_18C-b2,510,24/11/23,24.4,45
RJ 32_18C-b2,660,24/11/23,24.4,45
RJ 32_18C-b2,660,24/11/23,24.4,45
RJ 32_18C-b2,750,24/11/23,24.4,45
RJ 35_25C-b2,480,24/11/23,24.4,45
RJ 35_25C-b2,480,24/11/23,24.4,45
RJ 35_25C-b2,480,24/11/23,24.4,45
RJ 35_25C-b2,510,24/11/23,24.4,45
RJ 35_25C-b2,510,24/11/23,24.4,45
JP 42_18C-b2,660,24/11/23,24.4,45
JP 42_18C-b2,690,24/11/23,24.4,45
JP 42_18C-b2,690,24/11/23,24.4,45
JP 42_18C-b2,930,24/11/23,24.4,45
JP 42_18C-b2,930,24/11/23,24.4,45
JP 42_25C-b2,570,24/11/23,24.4,45
JP 42_25C-b2,570,24/11/23,24.4,45
JP 42_25C-b2,600,24/11/23,24.4,45
JP 42_25C-b2,600,24/11/23,24.4,45
JP 42_25C-b2,630,24/11/23,24.4,45
NE 05_18C-b3,510,06/12/23,24.4,42
NE 05_18C-b3,600,06/12/23,24.4,42
NE 05_18C-b3,600,06/12/23,24.4,42
NE 05_18C-b3,600,06/12/23,24.4,42
NE 05_18C-b3,600,06/12/23,24.4,42
JP 05_18C-b3,450,06/12/23,24.4,42
JP 05_18C-b3,450,06/12/23,24.4,42
JP 05_18C-b3,450,06/12/23,24.4,42
JP 05_18C-b3,510,06/12/23,24.4,42
JP 05_18C-b3,NA,06/12/23,24.4,42
RJ 01_18C-b3,690,06/12/23,24.4,42
RJ 01_18C-b3,690,06/12/23,24.4,42
RJ 01_18C-b3,690,06/12/23,24.4,42
RJ 01_18C-b3,690,06/12/23,24.4,42
RJ 01_18C-b3,NA,06/12/23,24.4,42
JP 10_18C-b3,750,06/12/23,24.4,42
JP 10_18C-b3,750,06/12/23,24.4,42
JP 10_18C-b3,750,06/12/23,24.4,42
JP 10_18C-b3,780,06/12/23,24.4,42
JP 10_18C-b3,780,06/12/23,24.4,42
PE 05_18C-b3,420,06/12/23,24.4,42
PE 05_18C-b3,420,06/12/23,24.4,42
PE 05_18C-b3,420,06/12/23,24.4,42
PE 05_18C-b3,510,06/12/23,24.4,42
PE 05_18C-b3,690,06/12/23,24.4,42
RJ 05_18C-b3,570,06/12/23,24.4,42
RJ 05_18C-b3,780,06/12/23,24.4,42
RJ 05_18C-b3,840,06/12/23,24.4,42
RJ 05_18C-b3,840,06/12/23,24.4,42
RJ 05_18C-b3,840,06/12/23,24.4,42
RJ 03_18C-b3,450,06/12/23,24.4,42
RJ 03_18C-b3,510,06/12/23,24.4,42
RJ 03_18C-b3,630,06/12/23,24.4,42
RJ 03_18C-b3,720,06/12/23,24.4,42
RJ 03_18C-b3,720,06/12/23,24.4,42
PE 04_18C-b3,570,06/12/23,24.4,42
PE 04_18C-b3,570,06/12/23,24.4,42
PE 04_18C-b3,570,06/12/23,24.4,42
PE 04_18C-b3,600,06/12/23,24.4,42
PE 04_18C-b3,750,06/12/23,24.4,42
PE 13_18C-b3,570,06/12/23,24.4,42
PE 13_18C-b3,600,06/12/23,24.4,42
PE 13_18C-b3,690,06/12/23,24.4,42
PE 13_18C-b3,690,06/12/23,24.4,42
PE 13_18C-b3,NA,06/12/23,24.4,42
NE 01_18C-b3,390,06/12/23,24.4,42
NE 01_18C-b3,390,06/12/23,24.4,42
NE 01_18C-b3,510,06/12/23,24.4,42
NE 01_18C-b3,660,06/12/23,24.4,42
NE 01_18C-b3,NA,06/12/23,24.4,42
PE 01_18C-b3,630,07/12/23,24.9,43
PE 01_18C-b3,660,07/12/23,24.9,43
PE 01_18C-b3,960,07/12/23,24.9,43
PE 01_18C-b3,960,07/12/23,24.9,43
PE 01_18C-b3,NA,07/12/23,24.9,43
JP 10_25C-b3,450,07/12/23,24.9,43
JP 10_25C-b3,450,07/12/23,24.9,43
JP 10_25C-b3,600,07/12/23,24.9,43
JP 10_25C-b3,600,07/12/23,24.9,43
JP 10_25C-b3,660,07/12/23,24.9,43
RJ 07_25C-b3,450,07/12/23,24.9,43
RJ 07_25C-b3,450,07/12/23,24.9,43
RJ 07_25C-b3,480,07/12/23,24.9,43
RJ 07_25C-b3,540,07/12/23,24.9,43
RJ 07_25C-b3,930,07/12/23,24.9,43
NE 08_25C-b3,360,07/12/23,24.9,43
NE 08_25C-b3,360,07/12/23,24.9,43
NE 08_25C-b3,510,07/12/23,24.9,43
NE 08_25C-b3,570,07/12/23,24.9,43
NE 08_25C-b3,NA,07/12/23,24.9,43
RJ 03_25C-b3,360,07/12/23,24.9,43
RJ 03_25C-b3,360,07/12/23,24.9,43
RJ 03_25C-b3,420,07/12/23,24.9,43
RJ 03_25C-b3,480,07/12/23,24.9,43
RJ 03_25C-b3,NA,07/12/23,24.9,43
PE 02_25C-b3,390,07/12/23,24.9,43
PE 02_25C-b3,390,07/12/23,24.9,43
PE 02_25C-b3,600,07/12/23,24.9,43
PE 02_25C-b3,NA,07/12/23,24.9,43
PE 02_25C-b3,NA,07/12/23,24.9,43
JP 13_25C-b3,420,07/12/23,24.9,43
JP 13_25C-b3,510,07/12/23,24.9,43
JP 13_25C-b3,510,07/12/23,24.9,43
JP 13_25C-b3,630,07/12/23,24.9,43
JP 13_25C-b3,NA,07/12/23,24.9,43
NE 06_25C-b3,270,07/12/23,24.9,43
NE 06_25C-b3,270,07/12/23,24.9,43
NE 06_25C-b3,300,07/12/23,24.9,43
NE 06_25C-b3,330,07/12/23,24.9,43
NE 06_25C-b3,NA,07/12/23,24.9,43
RJ 06_25C-b3,450,07/12/23,24.9,43
RJ 06_25C-b3,540,07/12/23,24.9,43
RJ 06_25C-b3,540,07/12/23,24.9,43
RJ 06_25C-b3,660,07/12/23,24.9,43
RJ 06_25C-b3,NA,07/12/23,24.9,43
RJ 08_25C-b3,390,07/12/23,24.9,43
RJ 08_25C-b3,480,07/12/23,24.9,43
RJ 08_25C-b3,480,07/12/23,24.9,43
RJ 08_25C-b3,630,07/12/23,24.9,43
RJ 08_25C-b3,720,07/12/23,24.9,43
NE 02_18C-b3,390,07/12/23,24.9,42
NE 02_18C-b3,480,07/12/23,24.9,42
NE 02_18C-b3,480,07/12/23,24.9,42
NE 02_18C-b3,480,07/12/23,24.9,42
NE 02_18C-b3,720,07/12/23,24.9,42
RJ 04_18C-b3,540,07/12/23,24.9,42
RJ 04_18C-b3,540,07/12/23,24.9,42
RJ 04_18C-b3,540,07/12/23,24.9,42
RJ 04_18C-b3,750,07/12/23,24.9,42
RJ 04_18C-b3,NA,07/12/23,24.9,42
JP 12_18C-b3,540,07/12/23,24.9,42
JP 12_18C-b3,540,07/12/23,24.9,42
JP 12_18C-b3,630,07/12/23,24.9,42
JP 12_18C-b3,630,07/12/23,24.9,42
JP 12_18C-b3,NA,07/12/23,24.9,42
PE 06_18C-b3,600,07/12/23,24.9,42
PE 06_18C-b3,600,07/12/23,24.9,42
PE 06_18C-b3,NA,07/12/23,24.9,42
PE 06_18C-b3,NA,07/12/23,24.9,42
PE 06_18C-b3,NA,07/12/23,24.9,42
JP 13_18C-b3,630,07/12/23,24.9,42
JP 13_18C-b3,630,07/12/23,24.9,42
JP 13_18C-b3,660,07/12/23,24.9,42
JP 13_18C-b3,660,07/12/23,24.9,42
JP 13_18C-b3,660,07/12/23,24.9,42
NE 03_18C-b3,390,07/12/23,24.9,42
NE 03_18C-b3,480,07/12/23,24.9,42
NE 03_18C-b3,480,07/12/23,24.9,42
NE 03_18C-b3,480,07/12/23,24.9,42
NE 03_18C-b3,NA,07/12/23,24.9,42
RJ 02_18C-b3,690,07/12/23,24.9,42
RJ 02_18C-b3,780,07/12/23,24.9,42
RJ 02_18C-b3,780,07/12/23,24.9,42
RJ 02_18C-b3,810,07/12/23,24.9,42
RJ 02_18C-b3,870,07/12/23,24.9,42
NE 06_18C-b3,510,07/12/23,24.9,42
NE 06_18C-b3,570,07/12/23,24.9,42
NE 06_18C-b3,570,07/12/23,24.9,42
NE 06_18C-b3,630,07/12/23,24.9,42
NE 06_18C-b3,NA,07/12/23,24.9,42
JP 14_18C-b3,450,07/12/23,24.9,42
JP 14_18C-b3,450,07/12/23,24.9,42
JP 14_18C-b3,450,07/12/23,24.9,42
JP 14_18C-b3,480,07/12/23,24.9,42
JP 14_18C-b3,480,07/12/23,24.9,42
PE 02_18C-b3,540,07/12/23,24.9,42
PE 02_18C-b3,570,07/12/23,24.9,42
PE 02_18C-b3,600,07/12/23,24.9,42
PE 02_18C-b3,600,07/12/23,24.9,42
PE 02_18C-b3,720,07/12/23,24.9,42
NE 01_25C-b3,390,08/12/23,24.8,42
NE 01_25C-b3,420,08/12/23,24.8,42
NE 01_25C-b3,450,08/12/23,24.8,42
NE 01_25C-b3,660,08/12/23,24.8,42
NE 01_25C-b3,NA,08/12/23,24.8,42
RJ 04_25C-b3,480,08/12/23,24.8,42
RJ 04_25C-b3,510,08/12/23,24.8,42
RJ 04_25C-b3,600,08/12/23,24.8,42
RJ 04_25C-b3,NA,08/12/23,24.8,42
RJ 04_25C-b3,NA,08/12/23,24.8,42
JP 12_25C-b3,360,08/12/23,24.8,42
JP 12_25C-b3,390,08/12/23,24.8,42
JP 12_25C-b3,450,08/12/23,24.8,42
JP 12_25C-b3,450,08/12/23,24.8,42
JP 12_25C-b3,NA,08/12/23,24.8,42
PE 06_25C-b3,420,08/12/23,24.8,42
PE 06_25C-b3,510,08/12/23,24.8,42
PE 06_25C-b3,510,08/12/23,24.8,42
PE 06_25C-b3,510,08/12/23,24.8,42
PE 06_25C-b3,NA,08/12/23,24.8,42
JP 03_25C-b3,450,08/12/23,24.8,42
JP 03_25C-b3,480,08/12/23,24.8,42
JP 03_25C-b3,480,08/12/23,24.8,42
JP 03_25C-b3,570,08/12/23,24.8,42
JP 03_25C-b3,630,08/12/23,24.8,42
NE 02_25C-b3,270,08/12/23,24.8,42
NE 02_25C-b3,270,08/12/23,24.8,42
NE 02_25C-b3,300,08/12/23,24.8,42
NE 02_25C-b3,300,08/12/23,24.8,42
NE 02_25C-b3,NA,08/12/23,24.8,42
JP 17_25C-b3,330,08/12/23,24.8,42
JP 17_25C-b3,390,08/12/23,24.8,42
JP 17_25C-b3,420,08/12/23,24.8,42
JP 17_25C-b3,NA,08/12/23,24.8,42
JP 17_25C-b3,NA,08/12/23,24.8,42
NE 04_25C-b3,270,08/12/23,24.8,42
NE 04_25C-b3,270,08/12/23,24.8,42
NE 04_25C-b3,300,08/12/23,24.8,42
NE 04_25C-b3,300,08/12/23,24.8,42
NE 04_25C-b3,330,08/12/23,24.8,42
RJ 01_25C-b3,330,08/12/23,24.8,42
RJ 01_25C-b3,330,08/12/23,24.8,42
RJ 01_25C-b3,390,08/12/23,24.8,42
RJ 01_25C-b3,420,08/12/23,24.8,42
RJ 01_25C-b3,450,08/12/23,24.8,42
PE 03_25C-b3,270,08/12/23,24.8,42
PE 03_25C-b3,300,08/12/23,24.8,42
PE 03_25C-b3,330,08/12/23,24.8,42
PE 03_25C-b3,330,08/12/23,24.8,42
PE 03_25C-b3,360,08/12/23,24.8,42
JP 05_25C-b3,420,08/12/23,24.9,44
JP 05_25C-b3,510,08/12/23,24.9,44
JP 05_25C-b3,510,08/12/23,24.9,44
JP 05_25C-b3,510,08/12/23,24.9,44
JP 05_25C-b3,510,08/12/23,24.9,44
PE 01_25C-b3,390,08/12/23,24.9,44
PE 01_25C-b3,420,08/12/23,24.9,44
PE 01_25C-b3,480,08/12/23,24.9,44
PE 01_25C-b3,480,08/12/23,24.9,44
PE 01_25C-b3,NA,08/12/23,24.9,44
RJ 05_25C-b3,390,08/12/23,24.9,44
RJ 05_25C-b3,570,08/12/23,24.9,44
RJ 05_25C-b3,NA,08/12/23,24.9,44
RJ 05_25C-b3,NA,08/12/23,24.9,44
RJ 05_25C-b3,NA,08/12/23,24.9,44
NE 07_25C-b3,240,08/12/23,24.9,44
NE 07_25C-b3,270,08/12/23,24.9,44
NE 07_25C-b3,270,08/12/23,24.9,44
NE 07_25C-b3,330,08/12/23,24.9,44
NE 07_25C-b3,360,08/12/23,24.9,44
JP 14_25C-b3,480,08/12/23,24.9,44
JP 14_25C-b3,570,08/12/23,24.9,44
JP 14_25C-b3,570,08/12/23,24.9,44
JP 14_25C-b3,660,08/12/23,24.9,44
JP 14_25C-b3,NA,08/12/23,24.9,44
NE 47_18C-b3,330,12/12/23,24.4,46
NE 47_18C-b3,750,12/12/23,24.4,46
NE 47_18C-b3,NA,12/12/23,24.4,46
NE 47_18C-b3,NA,12/12/23,24.4,46
NE 47_18C-b3,NA,12/12/23,24.4,46
JP 42_25C-b3,450,12/12/23,24.4,46
JP 42_25C-b3,450,12/12/23,24.4,46
JP 42_25C-b3,480,12/12/23,24.4,46
JP 42_25C-b3,600,12/12/23,24.4,46
JP 42_25C-b3,600,12/12/23,24.4,46
RJ 40_18C-b3,450,12/12/23,24.4,46
RJ 40_18C-b3,720,12/12/23,24.4,46
RJ 40_18C-b3,720,12/12/23,24.4,46
RJ 40_18C-b3,720,12/12/23,24.4,46
RJ 40_18C-b3,750,12/12/23,24.4,46
RJ 31_25C-b3,390,12/12/23,24.4,46
RJ 31_25C-b3,390,12/12/23,24.4,46
RJ 31_25C-b3,420,12/12/23,24.4,46
RJ 31_25C-b3,420,12/12/23,24.4,46
RJ 31_25C-b3,420,12/12/23,24.4,46
JP 49_18C-b3,450,12/12/23,24.4,46
JP 49_18C-b3,480,12/12/23,24.4,46
JP 49_18C-b3,480,12/12/23,24.4,46
JP 49_18C-b3,510,12/12/23,24.4,46
JP 49_18C-b3,540,12/12/23,24.4,46
RJ 35_25C-b3,480,12/12/23,24.4,46
RJ 35_25C-b3,480,12/12/23,24.4,46
RJ 35_25C-b3,510,12/12/23,24.4,46
RJ 35_25C-b3,510,12/12/23,24.4,46
RJ 35_25C-b3,510,12/12/23,24.4,46
RJ 31_18C-b3,450,12/12/23,24.4,46
RJ 31_18C-b3,450,12/12/23,24.4,46
RJ 31_18C-b3,450,12/12/23,24.4,46
RJ 31_18C-b3,570,12/12/23,24.4,46
RJ 31_18C-b3,570,12/12/23,24.4,46
RJ 41_25C-b3,360,12/12/23,24.4,46
RJ 41_25C-b3,390,12/12/23,24.4,46
RJ 41_25C-b3,390,12/12/23,24.4,46
RJ 41_25C-b3,390,12/12/23,24.4,46
RJ 41_25C-b3,450,12/12/23,24.4,46
NE 26_18C-b3,450,12/12/23,24.4,46
NE 26_18C-b3,450,12/12/23,24.4,46
NE 26_18C-b3,450,12/12/23,24.4,46
NE 26_18C-b3,450,12/12/23,24.4,46
NE 26_18C-b3,NA,12/12/23,24.4,46
JP 47_25C-b3,300,12/12/23,24.4,46
JP 47_25C-b3,360,12/12/23,24.4,46
JP 47_25C-b3,420,12/12/23,24.4,46
JP 47_25C-b3,420,12/12/23,24.4,46
JP 47_25C-b3,540,12/12/23,24.4,46
RJ 32_18C-b3,510,12/12/23,24.6,48
RJ 32_18C-b3,510,12/12/23,24.6,48
RJ 32_18C-b3,600,12/12/23,24.6,48
RJ 32_18C-b3,600,12/12/23,24.6,48
RJ 32_18C-b3,NA,12/12/23,24.6,48
RJ 40_25C-b3,450,12/12/23,24.6,48
RJ 40_25C-b3,480,12/12/23,24.6,48
RJ 40_25C-b3,600,12/12/23,24.6,48
RJ 40_25C-b3,660,12/12/23,24.6,48
RJ 40_25C-b3,690,12/12/23,24.6,48
RJ 42_18C-b3,450,12/12/23,24.6,48
RJ 42_18C-b3,600,12/12/23,24.6,48
RJ 42_18C-b3,630,12/12/23,24.6,48
RJ 42_18C-b3,690,12/12/23,24.6,48
RJ 42_18C-b3,NA,12/12/23,24.6,48
PE 22_25C-b3,300,12/12/23,24.6,48
PE 22_25C-b3,300,12/12/23,24.6,48
PE 22_25C-b3,300,12/12/23,24.6,48
PE 22_25C-b3,330,12/12/23,24.6,48
PE 22_25C-b3,NA,12/12/23,24.6,48
NE 29_18C-b3,330,12/12/23,24.6,48
NE 29_18C-b3,330,12/12/23,24.6,48
NE 29_18C-b3,360,12/12/23,24.6,48
NE 29_18C-b3,540,12/12/23,24.6,48
NE 29_18C-b3,NA,12/12/23,24.6,48
JP 49_25C-b3,300,12/12/23,24.6,48
JP 49_25C-b3,420,12/12/23,24.6,48
JP 49_25C-b3,450,12/12/23,24.6,48
JP 49_25C-b3,NA,12/12/23,24.6,48
JP 49_25C-b3,NA,12/12/23,24.6,48
JP 46_18C-b3,420,12/12/23,24.6,48
JP 46_18C-b3,660,12/12/23,24.6,48
JP 46_18C-b3,660,12/12/23,24.6,48
JP 46_18C-b3,660,12/12/23,24.6,48
JP 46_18C-b3,NA,12/12/23,24.6,48
NE 39_25C-b3,240,12/12/23,24.6,48
NE 39_25C-b3,240,12/12/23,24.6,48
NE 39_25C-b3,240,12/12/23,24.6,48
NE 39_25C-b3,390,12/12/23,24.6,48
NE 39_25C-b3,390,12/12/23,24.6,48
PE 19_18C-b3,510,12/12/23,24.6,48
PE 19_18C-b3,600,12/12/23,24.6,48
PE 19_18C-b3,600,12/12/23,24.6,48
PE 19_18C-b3,630,12/12/23,24.6,48
PE 19_18C-b3,630,12/12/23,24.6,48
NE 47_25C-b3,300,12/12/23,24.6,48
NE 47_25C-b3,300,12/12/23,24.6,48
NE 47_25C-b3,300,12/12/23,24.6,48
NE 47_25C-b3,330,12/12/23,24.6,48
NE 47_25C-b3,NA,12/12/23,24.6,48
JP 40_18C-b3,570,13/12/23,24.6,49
JP 40_18C-b3,570,13/12/23,24.6,49
JP 40_18C-b3,600,13/12/23,24.6,49
JP 40_18C-b3,690,13/12/23,24.6,49
JP 40_18C-b3,NA,13/12/23,24.6,49
NE 30_25C-b3,270,13/12/23,24.6,49
NE 30_25C-b3,270,13/12/23,24.6,49
NE 30_25C-b3,300,13/12/23,24.6,49
NE 30_25C-b3,300,13/12/23,24.6,49
NE 30_25C-b3,300,13/12/23,24.6,49
RJ 35_18C-b3,450,13/12/23,24.6,49
RJ 35_18C-b3,750,13/12/23,24.6,49
RJ 35_18C-b3,750,13/12/23,24.6,49
RJ 35_18C-b3,840,13/12/23,24.6,49
RJ 35_18C-b3,840,13/12/23,24.6,49
JP 50_25C-b3,420,13/12/23,24.6,49
JP 50_25C-b3,420,13/12/23,24.6,49
JP 50_25C-b3,450,13/12/23,24.6,49
JP 50_25C-b3,480,13/12/23,24.6,49
JP 50_25C-b3,NA,13/12/23,24.6,49
JP 42_18C-b3,480,13/12/23,24.6,49
JP 42_18C-b3,720,13/12/23,24.6,49
JP 42_18C-b3,810,13/12/23,24.6,49
JP 42_18C-b3,NA,13/12/23,24.6,49
JP 42_18C-b3,NA,13/12/23,24.6,49
PE 19_25C-b3,600,13/12/23,24.6,49
PE 19_25C-b3,600,13/12/23,24.6,49
PE 19_25C-b3,780,13/12/23,24.6,49
PE 19_25C-b3,810,13/12/23,24.6,49
PE 19_25C-b3,810,13/12/23,24.6,49
PE 22_18C-b3,570,13/12/23,24.6,49
PE 22_18C-b3,570,13/12/23,24.6,49
PE 22_18C-b3,630,13/12/23,24.6,49
PE 22_18C-b3,690,13/12/23,24.6,49
PE 22_18C-b3,NA,13/12/23,24.6,49
RJ 38_25C-b3,480,13/12/23,24.6,49
RJ 38_25C-b3,540,13/12/23,24.6,49
RJ 38_25C-b3,540,13/12/23,24.6,49
RJ 38_25C-b3,540,13/12/23,24.6,49
RJ 38_25C-b3,540,13/12/23,24.6,49
RJ 38_18C-b3,690,13/12/23,24.6,49
RJ 38_18C-b3,690,13/12/23,24.6,49
RJ 38_18C-b3,690,13/12/23,24.6,49
RJ 38_18C-b3,720,13/12/23,24.6,49
RJ 38_18C-b3,NA,13/12/23,24.6,49
JP 52_25C-b3,390,13/12/23,24.6,49
JP 52_25C-b3,390,13/12/23,24.6,49
JP 52_25C-b3,420,13/12/23,24.6,49
JP 52_25C-b3,420,13/12/23,24.6,49
JP 52_25C-b3,420,13/12/23,24.6,49
PE 23_18C-b3,420,14/12/23,25.1,44
PE 23_18C-b3,420,14/12/23,25.1,44
PE 23_18C-b3,450,14/12/23,25.1,44
PE 23_18C-b3,450,14/12/23,25.1,44
PE 23_18C-b3,540,14/12/23,25.1,44
RJ 32_25C-b3,450,14/12/23,25.1,44
RJ 32_25C-b3,450,14/12/23,25.1,44
RJ 32_25C-b3,510,14/12/23,25.1,44
RJ 32_25C-b3,510,14/12/23,25.1,44
RJ 32_25C-b3,540,14/12/23,25.1,44
JP 47_18C-b3,540,14/12/23,25.1,44
JP 47_18C-b3,540,14/12/23,25.1,44
JP 47_18C-b3,570,14/12/23,25.1,44
JP 47_18C-b3,570,14/12/23,25.1,44
JP 47_18C-b3,NA,14/12/23,25.1,44
PE 23_25C-b3,390,14/12/23,25.1,44
PE 23_25C-b3,420,14/12/23,25.1,44
PE 23_25C-b3,420,14/12/23,25.1,44
PE 23_25C-b3,420,14/12/23,25.1,44
PE 23_25C-b3,450,14/12/23,25.1,44
NE 30_18C-b3,420,14/12/23,25.1,44
NE 30_18C-b3,450,14/12/23,25.1,44
NE 30_18C-b3,450,14/12/23,25.1,44
NE 30_18C-b3,450,14/12/23,25.1,44
NE 30_18C-b3,NA,14/12/23,25.1,44
PE 18_25C-b3,480,14/12/23,25.1,44
PE 18_25C-b3,480,14/12/23,25.1,44
PE 18_25C-b3,480,14/12/23,25.1,44
PE 18_25C-b3,540,14/12/23,25.1,44
PE 18_25C-b3,690,14/12/23,25.1,44
RJ 41_18C-b3,570,14/12/23,25.1,44
RJ 41_18C-b3,600,14/12/23,25.1,44
RJ 41_18C-b3,630,14/12/23,25.1,44
RJ 41_18C-b3,720,14/12/23,25.1,44
RJ 41_18C-b3,900,14/12/23,25.1,44
JP 40_25C-b3,420,14/12/23,25.1,44
JP 40_25C-b3,420,14/12/23,25.1,44
JP 40_25C-b3,450,14/12/23,25.1,44
JP 40_25C-b3,450,14/12/23,25.1,44
JP 40_25C-b3,570,14/12/23,25.1,44
PE 24_18C-b3,600,14/12/23,25.1,44
PE 24_18C-b3,600,14/12/23,25.1,44
PE 24_18C-b3,630,14/12/23,25.1,44
PE 24_18C-b3,630,14/12/23,25.1,44
PE 24_18C-b3,690,14/12/23,25.1,44
NE 29_25C-b3,420,14/12/23,25.1,44
NE 29_25C-b3,420,14/12/23,25.1,44
NE 29_25C-b3,480,14/12/23,25.1,44
NE 29_25C-b3,480,14/12/23,25.1,44
NE 29_25C-b3,510,14/12/23,25.1,44
JP 46_25C-b3,390,14/12/23,24.9,49
JP 46_25C-b3,420,14/12/23,24.9,49
JP 46_25C-b3,420,14/12/23,24.9,49
JP 46_25C-b3,540,14/12/23,24.9,49
JP 46_25C-b3,600,14/12/23,24.9,49
PE 25_25C-b3,420,14/12/23,24.9,49
PE 25_25C-b3,420,14/12/23,24.9,49
PE 25_25C-b3,420,14/12/23,24.9,49
PE 25_25C-b3,420,14/12/23,24.9,49
PE 25_25C-b3,570,14/12/23,24.9,49
NE 26_25C-b3,210,14/12/23,24.9,49
NE 26_25C-b3,240,14/12/23,24.9,49
NE 26_25C-b3,300,14/12/23,24.9,49
NE 26_25C-b3,300,14/12/23,24.9,49
NE 26_25C-b3,NA,14/12/23,24.9,49
PE 24_25C-b3,330,14/12/23,24.9,49
PE 24_25C-b3,450,14/12/23,24.9,49
PE 24_25C-b3,510,14/12/23,24.9,49
PE 24_25C-b3,570,14/12/23,24.9,49
PE 24_25C-b3,570,14/12/23,24.9,49
NE 35_25C-b3,300,14/12/23,24.9,49
NE 35_25C-b3,330,14/12/23,24.9,49
NE 35_25C-b3,360,14/12/23,24.9,49
NE 35_25C-b3,NA,14/12/23,24.9,49
NE 35_25C-b3,NA,14/12/23,24.9,49
NE 44_25C-b3,300,14/12/23,24.9,49
NE 44_25C-b3,360,14/12/23,24.9,49
NE 44_25C-b3,360,14/12/23,24.9,49
NE 44_25C-b3,360,14/12/23,24.9,49
NE 44_25C-b3,NA,14/12/23,24.9,49
JP 48_25C-b3,420,14/12/23,24.9,49
JP 48_25C-b3,450,14/12/23,24.9,49
JP 48_25C-b3,450,14/12/23,24.9,49
JP 48_25C-b3,450,14/12/23,24.9,49
JP 48_25C-b3,480,14/12/23,24.9,49
RJ 42_25C-b3,450,14/12/23,24.9,49
RJ 42_25C-b3,480,14/12/23,24.9,49
RJ 42_25C-b3,540,14/12/23,24.9,49
RJ 42_25C-b3,570,14/12/23,24.9,49
RJ 42_25C-b3,570,14/12/23,24.9,49
JP 38_18C-b4,630,27/02/24,25.1,38
JP 38_18C-b4,630,27/02/24,25.1,38
JP 38_18C-b4,630,27/02/24,25.1,38
JP 38_18C-b4,660,27/02/24,25.1,38
JP 38_18C-b4,NA,27/02/24,25.1,38
RJ 17_18C-b4,510,27/02/24,25.1,38
RJ 17_18C-b4,540,27/02/24,25.1,38
RJ 17_18C-b4,540,27/02/24,25.1,38
RJ 17_18C-b4,540,27/02/24,25.1,38
RJ 17_18C-b4,570,27/02/24,25.1,38
RJ 14_18C-b4,480,27/02/24,25.1,38
RJ 14_18C-b4,480,27/02/24,25.1,38
RJ 14_18C-b4,570,27/02/24,25.1,38
RJ 14_18C-b4,630,27/02/24,25.1,38
RJ 14_18C-b4,630,27/02/24,25.1,38
NE 04_18C-b4,450,27/02/24,25.1,38
NE 04_18C-b4,600,27/02/24,25.1,38
NE 04_18C-b4,600,27/02/24,25.1,38
NE 04_18C-b4,840,27/02/24,25.1,38
NE 04_18C-b4,NA,27/02/24,25.1,38
JP 39_18C-b4,480,27/02/24,25.1,38
JP 39_18C-b4,540,27/02/24,25.1,38
JP 39_18C-b4,540,27/02/24,25.1,38
JP 39_18C-b4,540,27/02/24,25.1,38
JP 39_18C-b4,NA,27/02/24,25.1,38
RJ 08_18C-b4,540,27/02/24,25.1,38
RJ 08_18C-b4,570,27/02/24,25.1,38
RJ 08_18C-b4,570,27/02/24,25.1,38
RJ 08_18C-b4,570,27/02/24,25.1,38
RJ 08_18C-b4,570,27/02/24,25.1,38
NE 11_18C-b4,630,27/02/24,25.1,38
NE 11_18C-b4,630,27/02/24,25.1,38
NE 11_18C-b4,750,27/02/24,25.1,38
NE 11_18C-b4,750,27/02/24,25.1,38
NE 11_18C-b4,750,27/02/24,25.1,38
PE 18_18C-b4,390,27/02/24,25.1,38
PE 18_18C-b4,510,27/02/24,25.1,38
PE 18_18C-b4,510,27/02/24,25.1,38
PE 18_18C-b4,510,27/02/24,25.1,38
PE 18_18C-b4,510,27/02/24,25.1,38
RJ 10_18C-b4,420,27/02/24,25.1,38
RJ 10_18C-b4,420,27/02/24,25.1,38
RJ 10_18C-b4,480,27/02/24,25.1,38
RJ 10_18C-b4,480,27/02/24,25.1,38
RJ 10_18C-b4,480,27/02/24,25.1,38
JP 03_18C-b4,270,27/02/24,25.1,38
JP 03_18C-b4,540,27/02/24,25.1,38
JP 03_18C-b4,630,27/02/24,25.1,38
JP 03_18C-b4,630,27/02/24,25.1,38
JP 03_18C-b4,NA,27/02/24,25.1,38
NE 12_18C-b4,420,27/02/24,25.1,41
NE 12_18C-b4,420,27/02/24,25.1,41
NE 12_18C-b4,450,27/02/24,25.1,41
NE 12_18C-b4,450,27/02/24,25.1,41
NE 12_18C-b4,NA,27/02/24,25.1,41
RJ 11_18C-b4,660,27/02/24,25.1,41
RJ 11_18C-b4,660,27/02/24,25.1,41
RJ 11_18C-b4,720,27/02/24,25.1,41
RJ 11_18C-b4,840,27/02/24,25.1,41
RJ 11_18C-b4,840,27/02/24,25.1,41
JP 32_18C-b4,600,27/02/24,25.1,41
JP 32_18C-b4,690,27/02/24,25.1,41
JP 32_18C-b4,720,27/02/24,25.1,41
JP 32_18C-b4,870,27/02/24,25.1,41
JP 32_18C-b4,870,27/02/24,25.1,41
RJ 13_18C-b4,720,27/02/24,25.1,41
RJ 13_18C-b4,720,27/02/24,25.1,41
RJ 13_18C-b4,720,27/02/24,25.1,41
RJ 13_18C-b4,750,27/02/24,25.1,41
RJ 13_18C-b4,780,27/02/24,25.1,41
RJ 16_18C-b4,570,27/02/24,25.1,41
RJ 16_18C-b4,570,27/02/24,25.1,41
RJ 16_18C-b4,570,27/02/24,25.1,41
RJ 16_18C-b4,630,27/02/24,25.1,41
RJ 16_18C-b4,630,27/02/24,25.1,41
NE 02_18C-b4,420,27/02/24,25.1,41
NE 02_18C-b4,450,27/02/24,25.1,41
NE 02_18C-b4,450,27/02/24,25.1,41
NE 02_18C-b4,450,27/02/24,25.1,41
NE 02_18C-b4,480,27/02/24,25.1,41
PE 14_18C-b4,450,27/02/24,25.1,41
PE 14_18C-b4,450,27/02/24,25.1,41
PE 14_18C-b4,510,27/02/24,25.1,41
PE 14_18C-b4,510,27/02/24,25.1,41
PE 14_18C-b4,NA,27/02/24,25.1,41
NE 08_18C-b4,480,27/02/24,25.1,41
NE 08_18C-b4,480,27/02/24,25.1,41
NE 08_18C-b4,480,27/02/24,25.1,41
NE 08_18C-b4,510,27/02/24,25.1,41
NE 08_18C-b4,NA,27/02/24,25.1,41
JP 12_25C-b4,420,28/02/24,24.1,39
JP 12_25C-b4,420,28/02/24,24.1,39
JP 12_25C-b4,450,28/02/24,24.1,39
JP 12_25C-b4,450,28/02/24,24.1,39
JP 12_25C-b4,450,28/02/24,24.1,39
JP 10_25C-b4,420,28/02/24,24.1,39
JP 10_25C-b4,450,28/02/24,24.1,39
JP 10_25C-b4,450,28/02/24,24.1,39
JP 10_25C-b4,510,28/02/24,24.1,39
JP 10_25C-b4,NA,28/02/24,24.1,39
NE 08_25C-b4,300,28/02/24,24.1,39
NE 08_25C-b4,300,28/02/24,24.1,39
NE 08_25C-b4,300,28/02/24,24.1,39
NE 08_25C-b4,300,28/02/24,24.1,39
NE 08_25C-b4,300,28/02/24,24.1,39
NE 02_25C-b4,240,28/02/24,24.1,39
NE 02_25C-b4,270,28/02/24,24.1,39
NE 02_25C-b4,270,28/02/24,24.1,39
NE 02_25C-b4,270,28/02/24,24.1,39
NE 02_25C-b4,270,28/02/24,24.1,39
JP 22_25C-b4,450,28/02/24,24.1,39
JP 22_25C-b4,450,28/02/24,24.1,39
JP 22_25C-b4,540,28/02/24,24.1,39
JP 22_25C-b4,540,28/02/24,24.1,39
JP 22_25C-b4,540,28/02/24,24.1,39
JP 23_25C-b4,420,28/02/24,24.1,39
JP 23_25C-b4,480,28/02/24,24.1,39
JP 23_25C-b4,480,28/02/24,24.1,39
JP 23_25C-b4,540,28/02/24,24.1,39
JP 23_25C-b4,540,28/02/24,24.1,39
NE 12_25C-b4,300,28/02/24,24.1,39
NE 12_25C-b4,360,28/02/24,24.1,39
NE 12_25C-b4,360,28/02/24,24.1,39
NE 12_25C-b4,360,28/02/24,24.1,39
NE 12_25C-b4,NA,28/02/24,24.1,39
JP 03_25C-b4,300,28/02/24,24.1,39
JP 03_25C-b4,360,28/02/24,24.1,39
JP 03_25C-b4,420,28/02/24,24.1,39
JP 03_25C-b4,450,28/02/24,24.1,39
JP 03_25C-b4,450,28/02/24,24.1,39
NE 01_25C-b4,300,28/02/24,24.1,39
NE 01_25C-b4,300,28/02/24,24.1,39
NE 01_25C-b4,330,28/02/24,24.1,39
NE 01_25C-b4,330,28/02/24,24.1,39
NE 01_25C-b4,330,28/02/24,24.1,39
JP 16_25C-b4,300,29/02/24,25.2,34
JP 16_25C-b4,300,29/02/24,25.2,34
JP 16_25C-b4,300,29/02/24,25.2,34
JP 16_25C-b4,510,29/02/24,25.2,34
JP 16_25C-b4,600,29/02/24,25.2,34
JP 14_18C-b4,480,29/02/24,25.2,34
JP 14_18C-b4,510,29/02/24,25.2,34
JP 14_18C-b4,570,29/02/24,25.2,34
JP 14_18C-b4,570,29/02/24,25.2,34
JP 14_18C-b4,NA,29/02/24,25.2,34
JP 16_18C-b4,660,29/02/24,25.2,34
JP 16_18C-b4,690,29/02/24,25.2,34
JP 16_18C-b4,690,29/02/24,25.2,34
JP 16_18C-b4,840,29/02/24,25.2,34
JP 16_18C-b4,870,29/02/24,25.2,34
PE 15_18C-b4,420,29/02/24,25.2,34
PE 15_18C-b4,420,29/02/24,25.2,34
PE 15_18C-b4,450,29/02/24,25.2,34
PE 15_18C-b4,450,29/02/24,25.2,34
PE 15_18C-b4,450,29/02/24,25.2,34
NE 10_25C-b4,240,29/02/24,25.2,34
NE 10_25C-b4,240,29/02/24,25.2,34
NE 10_25C-b4,240,29/02/24,25.2,34
NE 10_25C-b4,270,29/02/24,25.2,34
NE 10_25C-b4,300,29/02/24,25.2,34
JP 13_18C-b4,360,29/02/24,25.2,34
JP 13_18C-b4,480,29/02/24,25.2,34
JP 13_18C-b4,630,29/02/24,25.2,34
JP 13_18C-b4,630,29/02/24,25.2,34
JP 13_18C-b4,810,29/02/24,25.2,34
JP 14_25C-b4,300,29/02/24,25.2,34
JP 14_25C-b4,420,29/02/24,25.2,34
JP 14_25C-b4,420,29/02/24,25.2,34
JP 14_25C-b4,420,29/02/24,25.2,34
JP 14_25C-b4,NA,29/02/24,25.2,34
NE 03_18C-b4,420,29/02/24,25.2,34
NE 03_18C-b4,420,29/02/24,25.2,34
NE 03_18C-b4,450,29/02/24,25.2,34
NE 03_18C-b4,450,29/02/24,25.2,34
NE 03_18C-b4,510,29/02/24,25.2,34
PE 03_18C-b4,300,29/02/24,25.2,34
PE 03_18C-b4,420,29/02/24,25.2,34
PE 03_18C-b4,420,29/02/24,25.2,34
PE 03_18C-b4,480,29/02/24,25.2,34
PE 03_18C-b4,NA,29/02/24,25.2,34
JP 36_18C-b4,540,29/02/24,25.2,34
JP 36_18C-b4,600,29/02/24,25.2,34
JP 36_18C-b4,600,29/02/24,25.2,34
JP 36_18C-b4,630,29/02/24,25.2,34
JP 36_18C-b4,NA,29/02/24,25.2,34
NE 05_25C-b4,300,29/02/24,24.9,38
NE 05_25C-b4,300,29/02/24,24.9,38
NE 05_25C-b4,300,29/02/24,24.9,38
NE 05_25C-b4,NA,29/02/24,24.9,38
NE 05_25C-b4,NA,29/02/24,24.9,38
JP 35_18C-b4,480,29/02/24,24.9,38
JP 35_18C-b4,510,29/02/24,24.9,38
JP 35_18C-b4,570,29/02/24,24.9,38
JP 35_18C-b4,570,29/02/24,24.9,38
JP 35_18C-b4,660,29/02/24,24.9,38
JP 23_18C-b4,540,29/02/24,24.9,38
JP 23_18C-b4,630,29/02/24,24.9,38
JP 23_18C-b4,660,29/02/24,24.9,38
JP 23_18C-b4,750,29/02/24,24.9,38
JP 23_18C-b4,NA,29/02/24,24.9,38
JP 12_18C-b4,570,29/02/24,24.9,38
JP 12_18C-b4,570,29/02/24,24.9,38
JP 12_18C-b4,570,29/02/24,24.9,38
JP 12_18C-b4,660,29/02/24,24.9,38
JP 12_18C-b4,780,29/02/24,24.9,38
PE 05_18C-b4,390,29/02/24,24.9,38
PE 05_18C-b4,450,29/02/24,24.9,38
PE 05_18C-b4,480,29/02/24,24.9,38
PE 05_18C-b4,480,29/02/24,24.9,38
PE 05_18C-b4,480,29/02/24,24.9,38
JP 22_18C-b4,600,29/02/24,24.9,38
JP 22_18C-b4,930,29/02/24,24.9,38
JP 22_18C-b4,930,29/02/24,24.9,38
JP 22_18C-b4,1080,29/02/24,24.9,38
JP 22_18C-b4,NA,29/02/24,24.9,38
NE 09_25C-b4,270,29/02/24,24.9,38
NE 09_25C-b4,270,29/02/24,24.9,38
NE 09_25C-b4,300,29/02/24,24.9,38
NE 09_25C-b4,330,29/02/24,24.9,38
NE 09_25C-b4,NA,29/02/24,24.9,38
NE 07_18C-b4,540,29/02/24,24.9,38
NE 07_18C-b4,540,29/02/24,24.9,38
NE 07_18C-b4,570,29/02/24,24.9,38
NE 07_18C-b4,570,29/02/24,24.9,38
NE 07_18C-b4,NA,29/02/24,24.9,38
NE 03_25C-b4,330,29/02/24,24.9,38
NE 03_25C-b4,390,29/02/24,24.9,38
NE 03_25C-b4,390,29/02/24,24.9,38
NE 03_25C-b4,NA,29/02/24,24.9,38
NE 03_25C-b4,NA,29/02/24,24.9,38
NE 09_18C-b4,540,29/02/24,24.9,38
NE 09_18C-b4,570,29/02/24,24.9,38
NE 09_18C-b4,600,29/02/24,24.9,38
NE 09_18C-b4,600,29/02/24,24.9,38
NE 09_18C-b4,690,29/02/24,24.9,38
PE 25_18C-b4,420,01/03/24,25.2,44
PE 25_18C-b4,420,01/03/24,25.2,44
PE 25_18C-b4,420,01/03/24,25.2,44
PE 25_18C-b4,420,01/03/24,25.2,44
PE 25_18C-b4,450,01/03/24,25.2,44
JP 17_18C-b4,600,01/03/24,25.2,44
JP 17_18C-b4,630,01/03/24,25.2,44
JP 17_18C-b4,750,01/03/24,25.2,44
JP 17_18C-b4,780,01/03/24,25.2,44
JP 17_18C-b4,NA,01/03/24,25.2,44
NE 04_25C-b4,270,01/03/24,25.2,44
NE 04_25C-b4,270,01/03/24,25.2,44
NE 04_25C-b4,300,01/03/24,25.2,44
NE 04_25C-b4,330,01/03/24,25.2,44
NE 04_25C-b4,NA,01/03/24,25.2,44
JP 17_25C-b4,420,01/03/24,25.2,44
JP 17_25C-b4,420,01/03/24,25.2,44
JP 17_25C-b4,510,01/03/24,25.2,44
JP 17_25C-b4,510,01/03/24,25.2,44
JP 17_25C-b4,600,01/03/24,25.2,44
NE 14_25C-b4,300,06/03/24,25.2,44
NE 14_25C-b4,300,06/03/24,25.2,44
NE 14_25C-b4,300,06/03/24,25.2,44
NE 14_25C-b4,330,06/03/24,25.2,44
NE 14_25C-b4,NA,06/03/24,25.2,44
RJ 12_25C-b4,360,06/03/24,25.2,44
RJ 12_25C-b4,540,06/03/24,25.2,44
RJ 12_25C-b4,570,06/03/24,25.2,44
RJ 12_25C-b4,570,06/03/24,25.2,44
RJ 12_25C-b4,600,06/03/24,25.2,44
NE 17_25C-b4,300,06/03/24,25.2,44
NE 17_25C-b4,300,06/03/24,25.2,44
NE 17_25C-b4,330,06/03/24,25.2,44
NE 17_25C-b4,360,06/03/24,25.2,44
NE 17_25C-b4,360,06/03/24,25.2,44
RJ 13_25C-b4,390,06/03/24,25.2,44
RJ 13_25C-b4,420,06/03/24,25.2,44
RJ 13_25C-b4,480,06/03/24,25.2,44
RJ 13_25C-b4,480,06/03/24,25.2,44
RJ 13_25C-b4,540,06/03/24,25.2,44
PE 07_25C-b4,390,06/03/24,25.2,44
PE 07_25C-b4,420,06/03/24,25.2,44
PE 07_25C-b4,420,06/03/24,25.2,44
PE 07_25C-b4,480,06/03/24,25.2,44
PE 07_25C-b4,480,06/03/24,25.2,44
RJ 17_25C-b4,300,06/03/24,25.2,44
RJ 17_25C-b4,390,06/03/24,25.2,44
RJ 17_25C-b4,450,06/03/24,25.2,44
RJ 17_25C-b4,450,06/03/24,25.2,44
RJ 17_25C-b4,480,06/03/24,25.2,44
JP 32_25C-b4,450,06/03/24,25.2,44
JP 32_25C-b4,480,06/03/24,25.2,44
JP 32_25C-b4,540,06/03/24,25.2,44
JP 32_25C-b4,540,06/03/24,25.2,44
JP 32_25C-b4,NA,06/03/24,25.2,44
RJ 16_25C-b4,390,06/03/24,25.2,44
RJ 16_25C-b4,510,06/03/24,25.2,44
RJ 16_25C-b4,510,06/03/24,25.2,44
RJ 16_25C-b4,510,06/03/24,25.2,44
RJ 16_25C-b4,540,06/03/24,25.2,44
PE 14_25C-b4,360,06/03/24,25.2,44
PE 14_25C-b4,390,06/03/24,25.2,44
PE 14_25C-b4,390,06/03/24,25.2,44
PE 14_25C-b4,390,06/03/24,25.2,44
PE 14_25C-b4,450,06/03/24,25.2,44
RJ 02_25C-b4,390,06/03/24,25.2,44
RJ 02_25C-b4,390,06/03/24,25.2,44
RJ 02_25C-b4,420,06/03/24,25.2,44
RJ 02_25C-b4,450,06/03/24,25.2,44
RJ 02_25C-b4,480,06/03/24,25.2,44
PE 11_25C-b4,360,07/03/24,25.2,33
PE 11_25C-b4,360,07/03/24,25.2,33
PE 11_25C-b4,360,07/03/24,25.2,33
PE 11_25C-b4,480,07/03/24,25.2,33
PE 11_25C-b4,480,07/03/24,25.2,33
NE 15_25C-b4,360,07/03/24,25.2,33
NE 15_25C-b4,360,07/03/24,25.2,33
NE 15_25C-b4,360,07/03/24,25.2,33
NE 15_25C-b4,360,07/03/24,25.2,33
NE 15_25C-b4,360,07/03/24,25.2,33
PE 16_18C-b4,660,07/03/24,25.2,33
PE 16_18C-b4,660,07/03/24,25.2,33
PE 16_18C-b4,780,07/03/24,25.2,33
PE 16_18C-b4,780,07/03/24,25.2,33
PE 16_18C-b4,NA,07/03/24,25.2,33
JP 30_25C-b4,420,07/03/24,25.2,33
JP 30_25C-b4,450,07/03/24,25.2,33
JP 30_25C-b4,480,07/03/24,25.2,33
JP 30_25C-b4,480,07/03/24,25.2,33
JP 30_25C-b4,510,07/03/24,25.2,33
RJ 01_25C-b4,390,07/03/24,25.2,33
RJ 01_25C-b4,510,07/03/24,25.2,33
RJ 01_25C-b4,510,07/03/24,25.2,33
RJ 01_25C-b4,540,07/03/24,25.2,33
RJ 01_25C-b4,NA,07/03/24,25.2,33
PE 12_25C-b4,360,07/03/24,25.2,33
PE 12_25C-b4,360,07/03/24,25.2,33
PE 12_25C-b4,450,07/03/24,25.2,33
PE 12_25C-b4,450,07/03/24,25.2,33
PE 12_25C-b4,450,07/03/24,25.2,33
JP 33_18C-b4,540,07/03/24,25.2,33
JP 33_18C-b4,570,07/03/24,25.2,33
JP 33_18C-b4,600,07/03/24,25.2,33
JP 33_18C-b4,600,07/03/24,25.2,33
JP 33_18C-b4,600,07/03/24,25.2,33
PE 13_25C-b4,330,07/03/24,25.2,33
PE 13_25C-b4,360,07/03/24,25.2,33
PE 13_25C-b4,360,07/03/24,25.2,33
PE 13_25C-b4,390,07/03/24,25.2,33
PE 13_25C-b4,NA,07/03/24,25.2,33
NE 16_25C-b4,300,07/03/24,25.2,33
NE 16_25C-b4,360,07/03/24,25.2,33
NE 16_25C-b4,360,07/03/24,25.2,33
NE 16_25C-b4,360,07/03/24,25.2,33
NE 16_25C-b4,NA,07/03/24,25.2,33
PE 11_18C-b4,390,07/03/24,25.2,33
PE 11_18C-b4,420,07/03/24,25.2,33
PE 11_18C-b4,450,07/03/24,25.2,33
PE 11_18C-b4,450,07/03/24,25.2,33
PE 11_18C-b4,510,07/03/24,25.2,33
PE 08_25C-b4,420,07/03/24,25.1,38
PE 08_25C-b4,420,07/03/24,25.1,38
PE 08_25C-b4,420,07/03/24,25.1,38
PE 08_25C-b4,450,07/03/24,25.1,38
PE 08_25C-b4,450,07/03/24,25.1,38
PE 10_25C-b4,300,07/03/24,25.1,38
PE 10_25C-b4,300,07/03/24,25.1,38
PE 10_25C-b4,300,07/03/24,25.1,38
PE 10_25C-b4,360,07/03/24,25.1,38
PE 10_25C-b4,360,07/03/24,25.1,38
NE 13_18C-b4,450,07/03/24,25.1,38
NE 13_18C-b4,510,07/03/24,25.1,38
NE 13_18C-b4,540,07/03/24,25.1,38
NE 13_18C-b4,540,07/03/24,25.1,38
NE 13_18C-b4,540,07/03/24,25.1,38
JP 24_25C-b4,330,07/03/24,25.1,38
JP 24_25C-b4,330,07/03/24,25.1,38
JP 24_25C-b4,390,07/03/24,25.1,38
JP 24_25C-b4,420,07/03/24,25.1,38
JP 24_25C-b4,420,07/03/24,25.1,38
RJ 08_25C-b4,480,07/03/24,25.1,38
RJ 08_25C-b4,510,07/03/24,25.1,38
RJ 08_25C-b4,570,07/03/24,25.1,38
RJ 08_25C-b4,570,07/03/24,25.1,38
RJ 08_25C-b4,NA,07/03/24,25.1,38
RJ 10_25C-b4,360,07/03/24,25.1,38
RJ 10_25C-b4,510,07/03/24,25.1,38
RJ 10_25C-b4,510,07/03/24,25.1,38
RJ 10_25C-b4,540,07/03/24,25.1,38
RJ 10_25C-b4,NA,07/03/24,25.1,38
NE 14_18C-b4,480,07/03/24,25.1,38
NE 14_18C-b4,480,07/03/24,25.1,38
NE 14_18C-b4,480,07/03/24,25.1,38
NE 14_18C-b4,510,07/03/24,25.1,38
NE 14_18C-b4,NA,07/03/24,25.1,38
RJ 01_18C-b4,570,12/03/24,25.2,39
RJ 01_18C-b4,660,12/03/24,25.2,39
RJ 01_18C-b4,660,12/03/24,25.2,39
RJ 01_18C-b4,690,12/03/24,25.2,39
RJ 01_18C-b4,NA,12/03/24,25.2,39
RJ 19_18C-b4,360,12/03/24,25.2,39
RJ 19_18C-b4,360,12/03/24,25.2,39
RJ 19_18C-b4,420,12/03/24,25.2,39
RJ 19_18C-b4,450,12/03/24,25.2,39
RJ 19_18C-b4,450,12/03/24,25.2,39
NE 17_18C-b4,390,12/03/24,25.2,39
NE 17_18C-b4,390,12/03/24,25.2,39
NE 17_18C-b4,420,12/03/24,25.2,39
NE 17_18C-b4,420,12/03/24,25.2,39
NE 17_18C-b4,480,12/03/24,25.2,39
RJ 21_18C-b4,480,12/03/24,25.2,39
RJ 21_18C-b4,480,12/03/24,25.2,39
RJ 21_18C-b4,660,12/03/24,25.2,39
RJ 21_18C-b4,780,12/03/24,25.2,39
RJ 21_18C-b4,810,12/03/24,25.2,39
PE 06_18C-b4,480,12/03/24,25.2,39
PE 06_18C-b4,540,12/03/24,25.2,39
PE 06_18C-b4,570,12/03/24,25.2,39
PE 06_18C-b4,630,12/03/24,25.2,39
PE 06_18C-b4,630,12/03/24,25.2,39
JP 50_18C-b4,450,13/03/24,25.4,40
JP 50_18C-b4,450,13/03/24,25.4,40
JP 50_18C-b4,810,13/03/24,25.4,40
JP 50_18C-b4,NA,13/03/24,25.4,40
JP 50_18C-b4,NA,13/03/24,25.4,40
JP 49_18C-b4,420,13/03/24,25.4,40
JP 49_18C-b4,510,13/03/24,25.4,40
JP 49_18C-b4,540,13/03/24,25.4,40
JP 49_18C-b4,540,13/03/24,25.4,40
JP 49_18C-b4,540,13/03/24,25.4,40
NE 16_18C-b4,360,13/03/24,25.4,40
NE 16_18C-b4,390,13/03/24,25.4,40
NE 16_18C-b4,390,13/03/24,25.4,40
NE 16_18C-b4,390,13/03/24,25.4,40
NE 16_18C-b4,450,13/03/24,25.4,40
RJ 22_18C-b4,540,13/03/24,25.4,40
RJ 22_18C-b4,600,13/03/24,25.4,40
RJ 22_18C-b4,630,13/03/24,25.4,40
RJ 22_18C-b4,750,13/03/24,25.4,40
RJ 22_18C-b4,750,13/03/24,25.4,40
RJ 27_18C-b4,600,13/03/24,25.4,40
RJ 27_18C-b4,600,13/03/24,25.4,40
RJ 27_18C-b4,660,13/03/24,25.4,40
RJ 27_18C-b4,720,13/03/24,25.4,40
RJ 27_18C-b4,NA,13/03/24,25.4,40
RJ 35_18C-b4,480,13/03/24,25.4,40
RJ 35_18C-b4,510,13/03/24,25.4,40
RJ 35_18C-b4,630,13/03/24,25.4,40
RJ 35_18C-b4,720,13/03/24,25.4,40
RJ 35_18C-b4,720,13/03/24,25.4,40
JP 52_18C-b4,630,13/03/24,25.4,40
JP 52_18C-b4,750,13/03/24,25.4,40
JP 52_18C-b4,750,13/03/24,25.4,40
JP 52_18C-b4,NA,13/03/24,25.4,40
JP 52_18C-b4,NA,13/03/24,25.4,40
NE 19_18C-b4,450,13/03/24,25.4,40
NE 19_18C-b4,450,13/03/24,25.4,40
NE 19_18C-b4,570,13/03/24,25.4,40
NE 19_18C-b4,570,13/03/24,25.4,40
NE 19_18C-b4,570,13/03/24,25.4,40
NE 21_18C-b4,390,13/03/24,25.4,40
NE 21_18C-b4,390,13/03/24,25.4,40
NE 21_18C-b4,420,13/03/24,25.4,40
NE 21_18C-b4,450,13/03/24,25.4,40
NE 21_18C-b4,450,13/03/24,25.4,40
NE 29_18C-b4,420,13/03/24,25.4,40
NE 29_18C-b4,420,13/03/24,25.4,40
NE 29_18C-b4,570,13/03/24,25.4,40
NE 29_18C-b4,630,13/03/24,25.4,40
NE 29_18C-b4,630,13/03/24,25.4,40
RJ 26_18C-b4,480,14/03/24,25.3,39
RJ 26_18C-b4,480,14/03/24,25.3,39
RJ 26_18C-b4,480,14/03/24,25.3,39
RJ 26_18C-b4,480,14/03/24,25.3,39
RJ 26_18C-b4,540,14/03/24,25.3,39
RJ 23_18C-b4,480,14/03/24,25.3,39
RJ 23_18C-b4,480,14/03/24,25.3,39
RJ 23_18C-b4,570,14/03/24,25.3,39
RJ 23_18C-b4,660,14/03/24,25.3,39
RJ 23_18C-b4,NA,14/03/24,25.3,39
PE 19_18C-b4,450,14/03/24,25.3,39
PE 19_18C-b4,450,14/03/24,25.3,39
PE 19_18C-b4,570,14/03/24,25.3,39
PE 19_18C-b4,570,14/03/24,25.3,39
PE 19_18C-b4,NA,14/03/24,25.3,39
PE 17_18C-b4,660,14/03/24,25.3,39
PE 17_18C-b4,780,14/03/24,25.3,39
PE 17_18C-b4,780,14/03/24,25.3,39
PE 17_18C-b4,810,14/03/24,25.3,39
PE 17_18C-b4,870,14/03/24,25.3,39
PE 10_18C-b4,420,14/03/24,25.3,39
PE 10_18C-b4,420,14/03/24,25.3,39
PE 10_18C-b4,480,14/03/24,25.3,39
PE 10_18C-b4,570,14/03/24,25.3,39
PE 10_18C-b4,600,14/03/24,25.3,39
PE 13_18C-b4,390,15/03/24,25.2,39
PE 13_18C-b4,450,15/03/24,25.2,39
PE 13_18C-b4,510,15/03/24,25.2,39
PE 13_18C-b4,510,15/03/24,25.2,39
PE 13_18C-b4,NA,15/03/24,25.2,39
PE 08_18C-b4,330,15/03/24,25.2,39
PE 08_18C-b4,450,15/03/24,25.2,39
PE 08_18C-b4,480,15/03/24,25.2,39
PE 08_18C-b4,480,15/03/24,25.2,39
PE 08_18C-b4,NA,15/03/24,25.2,39
NE 18_18C-b4,420,15/03/24,25.2,39
NE 18_18C-b4,450,15/03/24,25.2,39
NE 18_18C-b4,450,15/03/24,25.2,39
NE 18_18C-b4,450,15/03/24,25.2,39
NE 18_18C-b4,NA,15/03/24,25.2,39
NE 22_18C-b4,360,15/03/24,25.2,39
NE 22_18C-b4,360,15/03/24,25.2,39
NE 22_18C-b4,390,15/03/24,25.2,39
NE 22_18C-b4,450,15/03/24,25.2,39
NE 22_18C-b4,NA,15/03/24,25.2,39
PE 19_25C-b4,570,23/04/24,24.4,30
PE 19_25C-b4,630,23/04/24,24.4,30
PE 19_25C-b4,660,23/04/24,24.4,30
PE 19_25C-b4,660,23/04/24,24.4,30
PE 19_25C-b4,690,23/04/24,24.4,30
RJ 07_25C-b4,450,23/04/24,24.4,30
RJ 07_25C-b4,510,23/04/24,24.4,30
RJ 07_25C-b4,540,23/04/24,24.4,30
RJ 07_25C-b4,570,23/04/24,24.4,30
RJ 07_25C-b4,570,23/04/24,24.4,30
RJ 06_25C-b4,390,23/04/24,24.4,30
RJ 06_25C-b4,390,23/04/24,24.4,30
RJ 06_25C-b4,390,23/04/24,24.4,30
RJ 06_25C-b4,420,23/04/24,24.4,30
RJ 06_25C-b4,480,23/04/24,24.4,30
PE 23_25C-b4,360,23/04/24,24.4,30
PE 23_25C-b4,360,23/04/24,24.4,30
PE 23_25C-b4,390,23/04/24,24.4,30
PE 23_25C-b4,420,23/04/24,24.4,30
PE 23_25C-b4,450,23/04/24,24.4,30
JP 40_25C-b4,360,23/04/24,24.4,30
JP 40_25C-b4,420,23/04/24,24.4,30
JP 40_25C-b4,450,23/04/24,24.4,30
JP 40_25C-b4,480,23/04/24,24.4,30
JP 40_25C-b4,NA,23/04/24,24.4,30
RJ 31_25C-b4,360,23/04/24,24.4,30
RJ 31_25C-b4,420,23/04/24,24.4,30
RJ 31_25C-b4,480,23/04/24,24.4,30
RJ 31_25C-b4,480,23/04/24,24.4,30
RJ 31_25C-b4,NA,23/04/24,24.4,30
PE 15_25C-b4,360,23/04/24,24.4,30
PE 15_25C-b4,360,23/04/24,24.4,30
PE 15_25C-b4,360,23/04/24,24.4,30
PE 15_25C-b4,NA,23/04/24,24.4,30
PE 15_25C-b4,NA,23/04/24,24.4,30
NE 21_25C-b4,360,23/04/24,24.4,30
NE 21_25C-b4,360,23/04/24,24.4,30
NE 21_25C-b4,390,23/04/24,24.4,30
NE 21_25C-b4,420,23/04/24,24.4,30
NE 21_25C-b4,420,23/04/24,24.4,30
JP 47_25C-b4,360,23/04/24,24.4,30
JP 47_25C-b4,420,23/04/24,24.4,30
JP 47_25C-b4,420,23/04/24,24.4,30
JP 47_25C-b4,450,23/04/24,24.4,30
JP 47_25C-b4,540,23/04/24,24.4,30
NE 23_25C-b4,330,23/04/24,24.4,30
NE 23_25C-b4,360,23/04/24,24.4,30
NE 23_25C-b4,360,23/04/24,24.4,30
NE 23_25C-b4,390,23/04/24,24.4,30
NE 23_25C-b4,NA,23/04/24,24.4,30
JP 42_25C-b4,450,23/04/24,24.8,32
JP 42_25C-b4,480,23/04/24,24.8,32
JP 42_25C-b4,480,23/04/24,24.8,32
JP 42_25C-b4,540,23/04/24,24.8,32
JP 42_25C-b4,690,23/04/24,24.8,32
RJ 03_25C-b4,390,23/04/24,24.8,32
RJ 03_25C-b4,420,23/04/24,24.8,32
RJ 03_25C-b4,510,23/04/24,24.8,32
RJ 03_25C-b4,570,23/04/24,24.8,32
RJ 03_25C-b4,720,23/04/24,24.8,32
PE 18_25C-b4,330,23/04/24,24.8,32
PE 18_25C-b4,390,23/04/24,24.8,32
PE 18_25C-b4,390,23/04/24,24.8,32
PE 18_25C-b4,390,23/04/24,24.8,32
PE 18_25C-b4,NA,23/04/24,24.8,32
PE 25_25C-b4,450,23/04/24,24.8,32
PE 25_25C-b4,480,23/04/24,24.8,32
PE 25_25C-b4,480,23/04/24,24.8,32
PE 25_25C-b4,NA,23/04/24,24.8,32
PE 25_25C-b4,NA,23/04/24,24.8,32
PE 16_25C-b4,300,23/04/24,24.8,32
PE 16_25C-b4,330,23/04/24,24.8,32
PE 16_25C-b4,390,23/04/24,24.8,32
PE 16_25C-b4,420,23/04/24,24.8,32
PE 16_25C-b4,420,23/04/24,24.8,32
RJ 15_25C-b4,360,23/04/24,24.8,32
RJ 15_25C-b4,360,23/04/24,24.8,32
RJ 15_25C-b4,360,23/04/24,24.8,32
RJ 15_25C-b4,NA,23/04/24,24.8,32
RJ 15_25C-b4,NA,23/04/24,24.8,32
RJ 35_25C-b4,450,23/04/24,24.8,32
RJ 35_25C-b4,480,23/04/24,24.8,32
RJ 35_25C-b4,510,23/04/24,24.8,32
RJ 35_25C-b4,NA,23/04/24,24.8,32
RJ 35_25C-b4,NA,23/04/24,24.8,32
JP 37_25C-b4,480,23/04/24,24.8,32
JP 37_25C-b4,480,23/04/24,24.8,32
JP 37_25C-b4,480,23/04/24,24.8,32
JP 37_25C-b4,510,23/04/24,24.8,32
JP 37_25C-b4,510,23/04/24,24.8,32
NE 47_25C-b4,360,23/04/24,24.8,32
NE 47_25C-b4,390,23/04/24,24.8,32
NE 47_25C-b4,390,23/04/24,24.8,32
NE 47_25C-b4,420,23/04/24,24.8,32
NE 47_25C-b4,420,23/04/24,24.8,32
NE 22_25C-b4,330,23/04/24,24.8,32
NE 22_25C-b4,330,23/04/24,24.8,32
NE 22_25C-b4,360,23/04/24,24.8,32
NE 22_25C-b4,360,23/04/24,24.8,32
NE 22_25C-b4,420,23/04/24,24.8,32
PE 24_25C-b4,390,24/04/24,24.9,31
PE 24_25C-b4,480,24/04/24,24.9,31
PE 24_25C-b4,480,24/04/24,24.9,31
PE 24_25C-b4,570,24/04/24,24.9,31
PE 24_25C-b4,NA,24/04/24,24.9,31
JP 36_25C-b4,390,24/04/24,24.9,31
JP 36_25C-b4,420,24/04/24,24.9,31
JP 36_25C-b4,510,24/04/24,24.9,31
JP 36_25C-b4,540,24/04/24,24.9,31
JP 36_25C-b4,NA,24/04/24,24.9,31
RJ 04_25C-b4,360,24/04/24,24.9,31
RJ 04_25C-b4,360,24/04/24,24.9,31
RJ 04_25C-b4,480,24/04/24,24.9,31
RJ 04_25C-b4,510,24/04/24,24.9,31
RJ 04_25C-b4,540,24/04/24,24.9,31
RJ 09_25C-b4,360,24/04/24,24.9,31
RJ 09_25C-b4,450,24/04/24,24.9,31
RJ 09_25C-b4,450,24/04/24,24.9,31
RJ 09_25C-b4,510,24/04/24,24.9,31
RJ 09_25C-b4,NA,24/04/24,24.9,31
PE 22_25C-b4,450,24/04/24,24.9,31
PE 22_25C-b4,450,24/04/24,24.9,31
PE 22_25C-b4,450,24/04/24,24.9,31
PE 22_25C-b4,570,24/04/24,24.9,31
PE 22_25C-b4,570,24/04/24,24.9,31
JP 46_25C-b4,510,24/04/24,24.9,31
JP 46_25C-b4,510,24/04/24,24.9,31
JP 46_25C-b4,510,24/04/24,24.9,31
JP 46_25C-b4,510,24/04/24,24.9,31
JP 46_25C-b4,540,24/04/24,24.9,31
JP 35_25C-b4,390,24/04/24,24.9,31
JP 35_25C-b4,390,24/04/24,24.9,31
JP 35_25C-b4,480,24/04/24,24.9,31
JP 35_25C-b4,510,24/04/24,24.9,31
JP 35_25C-b4,NA,24/04/24,24.9,31
NE 44_25C-b4,300,24/04/24,24.9,31
NE 44_25C-b4,300,24/04/24,24.9,31
NE 44_25C-b4,330,24/04/24,24.9,31
NE 44_25C-b4,330,24/04/24,24.9,31
NE 44_25C-b4,330,24/04/24,24.9,31
NE 18_25C-b4,330,25/04/24,25.3,29
NE 18_25C-b4,330,25/04/24,25.3,29
NE 18_25C-b4,360,25/04/24,25.3,29
NE 18_25C-b4,360,25/04/24,25.3,29
NE 18_25C-b4,360,25/04/24,25.3,29
NE 19_25C-b4,300,25/04/24,25.3,29
NE 19_25C-b4,300,25/04/24,25.3,29
NE 19_25C-b4,330,25/04/24,25.3,29
NE 19_25C-b4,330,25/04/24,25.3,29
NE 19_25C-b4,360,25/04/24,25.3,29
NE 29_25C-b4,240,25/04/24,25.3,29
NE 29_25C-b4,240,25/04/24,25.3,29
NE 29_25C-b4,300,25/04/24,25.3,29
NE 29_25C-b4,300,25/04/24,25.3,29
NE 29_25C-b4,330,25/04/24,25.3,29
RJ 02_25C-b5,360,30/04/24,25.3,25
RJ 02_25C-b5,390,30/04/24,25.3,25
RJ 02_25C-b5,390,30/04/24,25.3,25
RJ 02_25C-b5,420,30/04/24,25.3,25
RJ 02_25C-b5,420,30/04/24,25.3,25
NE 15_25C-b5,330,30/04/24,25.3,25
NE 15_25C-b5,330,30/04/24,25.3,25
NE 15_25C-b5,330,30/04/24,25.3,25
NE 15_25C-b5,360,30/04/24,25.3,25
NE 15_25C-b5,NA,30/04/24,25.3,25
RJ 01_25C-b5,420,30/04/24,25.3,25
RJ 01_25C-b5,450,30/04/24,25.3,25
RJ 01_25C-b5,450,30/04/24,25.3,25
RJ 01_25C-b5,480,30/04/24,25.3,25
RJ 01_25C-b5,480,30/04/24,25.3,25
NE 10_25C-b5,300,30/04/24,25.3,25
NE 10_25C-b5,300,30/04/24,25.3,25
NE 10_25C-b5,300,30/04/24,25.3,25
NE 10_25C-b5,330,30/04/24,25.3,25
NE 10_25C-b5,330,30/04/24,25.3,25
RJ 23_25C-b5,390,30/04/24,25.3,25
RJ 23_25C-b5,390,30/04/24,25.3,25
RJ 23_25C-b5,450,30/04/24,25.3,25
RJ 23_25C-b5,450,30/04/24,25.3,25
RJ 23_25C-b5,450,30/04/24,25.3,25
JP 14_25C-b5,420,30/04/24,25.3,25
JP 14_25C-b5,420,30/04/24,25.3,25
JP 14_25C-b5,420,30/04/24,25.3,25
JP 14_25C-b5,420,30/04/24,25.3,25
JP 14_25C-b5,480,30/04/24,25.3,25
NE 14_25C-b5,300,30/04/24,25.3,25
NE 14_25C-b5,360,30/04/24,25.3,25
NE 14_25C-b5,360,30/04/24,25.3,25
NE 14_25C-b5,360,30/04/24,25.3,25
NE 14_25C-b5,NA,30/04/24,25.3,25
JP 23_25C-b5,420,30/04/24,25.3,25
JP 23_25C-b5,420,30/04/24,25.3,25
JP 23_25C-b5,510,30/04/24,25.3,25
JP 23_25C-b5,540,30/04/24,25.3,25
JP 23_25C-b5,NA,30/04/24,25.3,25
RJ 35_25C-b5,360,30/04/24,25.3,25
RJ 35_25C-b5,360,30/04/24,25.3,25
RJ 35_25C-b5,480,30/04/24,25.3,25
RJ 35_25C-b5,720,30/04/24,25.3,25
RJ 35_25C-b5,720,30/04/24,25.3,25
NE 03_25C-b5,300,30/04/24,25.3,25
NE 03_25C-b5,300,30/04/24,25.3,25
NE 03_25C-b5,390,30/04/24,25.3,25
NE 03_25C-b5,390,30/04/24,25.3,25
NE 03_25C-b5,NA,30/04/24,25.3,25
RJ 27_25C-b5,450,02/05/24,24.1,32
RJ 27_25C-b5,480,02/05/24,24.1,32
RJ 27_25C-b5,540,02/05/24,24.1,32
RJ 27_25C-b5,570,02/05/24,24.1,32
RJ 27_25C-b5,NA,02/05/24,24.1,32
NE 21_25C-b5,300,02/05/24,24.1,32
NE 21_25C-b5,330,02/05/24,24.1,32
NE 21_25C-b5,330,02/05/24,24.1,32
NE 21_25C-b5,330,02/05/24,24.1,32
NE 21_25C-b5,330,02/05/24,24.1,32
RJ 13_25C-b5,420,02/05/24,24.1,32
RJ 13_25C-b5,420,02/05/24,24.1,32
RJ 13_25C-b5,480,02/05/24,24.1,32
RJ 13_25C-b5,510,02/05/24,24.1,32
RJ 13_25C-b5,510,02/05/24,24.1,32
JP 24_25C-b5,360,02/05/24,24.1,32
JP 24_25C-b5,390,02/05/24,24.1,32
JP 24_25C-b5,390,02/05/24,24.1,32
JP 24_25C-b5,420,02/05/24,24.1,32
JP 24_25C-b5,NA,02/05/24,24.1,32
RJ 12_25C-b5,450,02/05/24,24.1,32
RJ 12_25C-b5,510,02/05/24,24.1,32
RJ 12_25C-b5,540,02/05/24,24.1,32
RJ 12_25C-b5,540,02/05/24,24.1,32
RJ 12_25C-b5,570,02/05/24,24.1,32
JP 22_25C-b5,480,02/05/24,24.1,32
JP 22_25C-b5,540,02/05/24,24.1,32
JP 22_25C-b5,540,02/05/24,24.1,32
JP 22_25C-b5,540,02/05/24,24.1,32
JP 22_25C-b5,570,02/05/24,24.1,32
NE 19_25C-b5,270,02/05/24,24.1,32
NE 19_25C-b5,300,02/05/24,24.1,32
NE 19_25C-b5,330,02/05/24,24.1,32
NE 19_25C-b5,330,02/05/24,24.1,32
NE 19_25C-b5,330,02/05/24,24.1,32
RJ 08_25C-b5,450,02/05/24,24.1,32
RJ 08_25C-b5,450,02/05/24,24.1,32
RJ 08_25C-b5,480,02/05/24,24.1,32
RJ 08_25C-b5,510,02/05/24,24.1,32
RJ 08_25C-b5,510,02/05/24,24.1,32
JP 21_25C-b5,480,02/05/24,24.1,32
JP 21_25C-b5,480,02/05/24,24.1,32
JP 21_25C-b5,630,02/05/24,24.1,32
JP 21_25C-b5,630,02/05/24,24.1,32
JP 21_25C-b5,750,02/05/24,24.1,32
NE 16_25C-b5,300,02/05/24,24.1,32
NE 16_25C-b5,300,02/05/24,24.1,32
NE 16_25C-b5,300,02/05/24,24.1,32
NE 16_25C-b5,330,02/05/24,24.1,32
NE 16_25C-b5,360,02/05/24,24.1,32
NE 23_25C-b5,240,03/05/24,24.1,28
NE 23_25C-b5,270,03/05/24,24.1,28
NE 23_25C-b5,390,03/05/24,24.1,28
NE 23_25C-b5,390,03/05/24,24.1,28
NE 23_25C-b5,390,03/05/24,24.1,28
JP 30_25C-b5,360,03/05/24,24.1,28
JP 30_25C-b5,390,03/05/24,24.1,28
JP 30_25C-b5,390,03/05/24,24.1,28
JP 30_25C-b5,570,03/05/24,24.1,28
JP 30_25C-b5,600,03/05/24,24.1,28
NE 22_25C-b5,300,03/05/24,24.1,28
NE 22_25C-b5,330,03/05/24,24.1,28
NE 22_25C-b5,330,03/05/24,24.1,28
NE 22_25C-b5,390,03/05/24,24.1,28
NE 22_25C-b5,390,03/05/24,24.1,28
JP 32_25C-b5,420,03/05/24,24.1,28
JP 32_25C-b5,420,03/05/24,24.1,28
JP 32_25C-b5,510,03/05/24,24.1,28
JP 32_25C-b5,510,03/05/24,24.1,28
JP 32_25C-b5,540,03/05/24,24.1,28
RJ 32_25C-b5,450,03/05/24,24.1,28
RJ 32_25C-b5,480,03/05/24,24.1,28
RJ 32_25C-b5,480,03/05/24,24.1,28
RJ 32_25C-b5,480,03/05/24,24.1,28
RJ 32_25C-b5,510,03/05/24,24.1,28
PE 15_25C-b5,270,06/05/2024,25.1,32
PE 15_25C-b5,270,06/05/2024,25.1,32
PE 15_25C-b5,300,06/05/2024,25.1,32
PE 15_25C-b5,300,06/05/2024,25.1,32
PE 15_25C-b5,300,06/05/2024,25.1,32
RJ 21_25C-b5,420,06/05/2024,25.1,32
RJ 21_25C-b5,450,06/05/2024,25.1,32
RJ 21_25C-b5,480,06/05/2024,25.1,32
RJ 21_25C-b5,480,06/05/2024,25.1,32
RJ 21_25C-b5,NA,06/05/2024,25.1,32
PE 16_25C-b5,270,06/05/2024,25.1,32
PE 16_25C-b5,300,06/05/2024,25.1,32
PE 16_25C-b5,330,06/05/2024,25.1,32
PE 16_25C-b5,330,06/05/2024,25.1,32
PE 16_25C-b5,360,06/05/2024,25.1,32
RJ 22_25C-b5,360,06/05/2024,25.1,32
RJ 22_25C-b5,390,06/05/2024,25.1,32
RJ 22_25C-b5,390,06/05/2024,25.1,32
RJ 22_25C-b5,420,06/05/2024,25.1,32
RJ 22_25C-b5,420,06/05/2024,25.1,32
NE 12_25C-b5,300,06/05/2024,25.1,32
NE 12_25C-b5,390,06/05/2024,25.1,32
NE 12_25C-b5,390,06/05/2024,25.1,32
NE 12_25C-b5,420,06/05/2024,25.1,32
NE 12_25C-b5,450,06/05/2024,25.1,32
PE 13_25C-b5,300,06/05/2024,25.1,32
PE 13_25C-b5,330,06/05/2024,25.1,32
PE 13_25C-b5,330,06/05/2024,25.1,32
PE 13_25C-b5,360,06/05/2024,25.1,32
PE 13_25C-b5,360,06/05/2024,25.1,32
PE 14_25C-b5,360,06/05/2024,25.1,32
PE 14_25C-b5,360,06/05/2024,25.1,32
PE 14_25C-b5,390,06/05/2024,25.1,32
PE 14_25C-b5,390,06/05/2024,25.1,32
PE 14_25C-b5,420,06/05/2024,25.1,32
PE 10_25C-b5,330,06/05/2024,25.1,32
PE 10_25C-b5,330,06/05/2024,25.1,32
PE 10_25C-b5,360,06/05/2024,25.1,32
PE 10_25C-b5,450,06/05/2024,25.1,32
PE 10_25C-b5,480,06/05/2024,25.1,32
JP 33_25C-b5,450,06/05/2024,25.1,32
JP 33_25C-b5,480,06/05/2024,25.1,32
JP 33_25C-b5,510,06/05/2024,25.1,32
JP 33_25C-b5,510,06/05/2024,25.1,32
JP 33_25C-b5,510,06/05/2024,25.1,32
PE 06_25C-b5,360,06/05/2024,25.1,32
PE 06_25C-b5,390,06/05/2024,25.1,32
PE 06_25C-b5,420,06/05/2024,25.1,32
PE 06_25C-b5,420,06/05/2024,25.1,32
PE 06_25C-b5,480,06/05/2024,25.1,32
NE 12_18C-b5,420,16/05/2024,23.4,49
NE 12_18C-b5,450,16/05/2024,23.4,49
NE 12_18C-b5,450,16/05/2024,23.4,49
NE 12_18C-b5,480,16/05/2024,23.4,49
NE 12_18C-b5,510,16/05/2024,23.4,49
RJ 19_18C-b5,390,16/05/2024,23.4,49
RJ 19_18C-b5,390,16/05/2024,23.4,49
RJ 19_18C-b5,450,16/05/2024,23.4,49
RJ 19_18C-b5,450,16/05/2024,23.4,49
RJ 19_18C-b5,450,16/05/2024,23.4,49
NE 13_18C-b5,390,16/05/2024,23.4,49
NE 13_18C-b5,420,16/05/2024,23.4,49
NE 13_18C-b5,420,16/05/2024,23.4,49
NE 13_18C-b5,450,16/05/2024,23.4,49
NE 13_18C-b5,450,16/05/2024,23.4,49
RJ 11_18C-b5,600,16/05/2024,23.4,49
RJ 11_18C-b5,600,16/05/2024,23.4,49
RJ 11_18C-b5,690,16/05/2024,23.4,49
RJ 11_18C-b5,780,16/05/2024,23.4,49
RJ 11_18C-b5,NA,16/05/2024,23.4,49
RJ 16_18C-b5,540,16/05/2024,23.4,49
RJ 16_18C-b5,600,16/05/2024,23.4,49
RJ 16_18C-b5,600,16/05/2024,23.4,49
RJ 16_18C-b5,NA,16/05/2024,23.4,49
RJ 16_18C-b5,NA,16/05/2024,23.4,49
RJ 22_18C-b5,630,16/05/2024,23.4,49
RJ 22_18C-b5,660,16/05/2024,23.4,49
RJ 22_18C-b5,690,16/05/2024,23.4,49
RJ 22_18C-b5,750,16/05/2024,23.4,49
RJ 22_18C-b5,750,16/05/2024,23.4,49
JP 35_18C-b5,450,16/05/2024,23.4,49
JP 35_18C-b5,510,16/05/2024,23.4,49
JP 35_18C-b5,600,16/05/2024,23.4,49
JP 35_18C-b5,600,16/05/2024,23.4,49
JP 35_18C-b5,630,16/05/2024,23.4,49
RJ 17_18C-b5,510,16/05/2024,23.4,49
RJ 17_18C-b5,540,16/05/2024,23.4,49
RJ 17_18C-b5,540,16/05/2024,23.4,49
RJ 17_18C-b5,570,16/05/2024,23.4,49
RJ 17_18C-b5,570,16/05/2024,23.4,49
JP 36_18C-b5,600,16/05/2024,23.4,49
JP 36_18C-b5,600,16/05/2024,23.4,49
JP 36_18C-b5,660,16/05/2024,23.4,49
JP 36_18C-b5,660,16/05/2024,23.4,49
JP 36_18C-b5,NA,16/05/2024,23.4,49
JP 17_18C-b5,600,16/05/2024,23.4,49
JP 17_18C-b5,600,16/05/2024,23.4,49
JP 17_18C-b5,660,16/05/2024,23.4,49
JP 17_18C-b5,660,16/05/2024,23.4,49
JP 17_18C-b5,NA,16/05/2024,23.4,49
NE 39_18C-b5,360,17/05/2024,23.1,45
NE 39_18C-b5,450,17/05/2024,23.1,45
NE 39_18C-b5,450,17/05/2024,23.1,45
NE 39_18C-b5,450,17/05/2024,23.1,45
NE 39_18C-b5,480,17/05/2024,23.1,45
NE 17_18C-b5,390,17/05/2024,23.1,45
NE 17_18C-b5,390,17/05/2024,23.1,45
NE 17_18C-b5,390,17/05/2024,23.1,45
NE 17_18C-b5,450,17/05/2024,23.1,45
NE 17_18C-b5,NA,17/05/2024,23.1,45
JP 50_18C-b5,480,17/05/2024,23.1,45
JP 50_18C-b5,690,17/05/2024,23.1,45
JP 50_18C-b5,780,17/05/2024,23.1,45
JP 50_18C-b5,780,17/05/2024,23.1,45
JP 50_18C-b5,810,17/05/2024,23.1,45
JP 40_18C-b5,510,17/05/2024,23.1,45
JP 40_18C-b5,540,17/05/2024,23.1,45
JP 40_18C-b5,630,17/05/2024,23.1,45
JP 40_18C-b5,630,17/05/2024,23.1,45
JP 40_18C-b5,NA,17/05/2024,23.1,45
NE 44_18C-b5,330,17/05/2024,23.1,45
NE 44_18C-b5,360,17/05/2024,23.1,45
NE 44_18C-b5,360,17/05/2024,23.1,45
NE 44_18C-b5,360,17/05/2024,23.1,45
NE 44_18C-b5,390,17/05/2024,23.1,45
PE 18_18C-b5,450,17/05/2024,23.1,45
PE 18_18C-b5,480,17/05/2024,23.1,45
PE 18_18C-b5,510,17/05/2024,23.1,45
PE 18_18C-b5,510,17/05/2024,23.1,45
PE 18_18C-b5,NA,17/05/2024,23.1,45
NE 02_18C-b5,450,17/05/2024,23.1,45
NE 02_18C-b5,450,17/05/2024,23.1,45
NE 02_18C-b5,450,17/05/2024,23.1,45
NE 02_18C-b5,450,17/05/2024,23.1,45
NE 02_18C-b5,450,17/05/2024,23.1,45
NE 04_18C-b5,420,17/05/2024,23.1,45
NE 04_18C-b5,420,17/05/2024,23.1,45
NE 04_18C-b5,570,17/05/2024,23.1,45
NE 04_18C-b5,NA,17/05/2024,23.1,45
NE 04_18C-b5,NA,17/05/2024,23.1,45
PE 25_18C-b5,420,17/05/2024,23.1,45
PE 25_18C-b5,450,17/05/2024,23.1,45
PE 25_18C-b5,450,17/05/2024,23.1,45
PE 25_18C-b5,450,17/05/2024,23.1,45
PE 25_18C-b5,450,17/05/2024,23.1,45
NE 08_18C-b5,480,17/05/2024,23.1,45
NE 08_18C-b5,480,17/05/2024,23.1,45
NE 08_18C-b5,480,17/05/2024,23.1,45
NE 08_18C-b5,510,17/05/2024,23.1,45
NE 08_18C-b5,510,17/05/2024,23.1,45
NE 11_18C-b5,480,18/05/24,25.2,44
NE 11_18C-b5,480,18/05/24,25.2,44
NE 11_18C-b5,480,18/05/24,25.2,44
NE 11_18C-b5,510,18/05/24,25.2,44
NE 11_18C-b5,510,18/05/24,25.2,44